Date,Platform,Sales_Qty,Orders,Fast_Delivery,Fast_Days,Active_SKU,Promo
2024-10-01,brandi,47,31,0,0,18,0
2024-10-01,zigzag,43,27,0,0,18,0
2024-10-01,ably,33,21,0,0,18,0
2024-10-02,brandi,49,34,0,0,17,0
2024-10-02,zigzag,38,26,0,0,17,0
2024-10-02,ably,30,22,0,0,17,0
2024-10-03,brandi,41,28,0,0,18,0
2024-10-03,zigzag,33,22,0,0,18,0
2024-10-03,ably,24,15,0,0,18,0
2024-10-04,brandi,33,24,0,0,18,0
2024-10-04,zigzag,30,24,0,0,18,0
2024-10-04,ably,22,15,0,0,18,0
2024-10-05,brandi,37,30,0,0,18,0
2024-10-05,zigzag,35,27,0,0,18,0
2024-10-05,ably,19,14,0,0,18,0
2024-10-06,brandi,46,31,0,0,17,0
2024-10-06,zigzag,36,28,0,0,17,0
2024-10-06,ably,29,23,0,0,17,0
2024-10-07,brandi,58,48,0,0,17,0
2024-10-07,zigzag,44,28,0,0,17,0
2024-10-07,ably,39,26,0,0,17,0
2024-10-08,brandi,49,40,0,0,17,0
2024-10-08,zigzag,43,35,0,0,17,0
2024-10-08,ably,29,20,0,0,17,0
2024-10-09,brandi,45,34,0,0,20,0
2024-10-09,zigzag,43,30,0,0,20,0
2024-10-09,ably,29,21,0,0,20,0
2024-10-10,brandi,45,29,0,0,20,0
2024-10-10,zigzag,39,30,0,0,20,0
2024-10-10,ably,30,20,0,0,20,0
2024-10-11,brandi,38,31,0,0,20,0
2024-10-11,zigzag,31,20,0,0,20,0
2024-10-11,ably,27,17,0,0,20,0
2024-10-12,brandi,37,25,0,0,20,0
2024-10-12,zigzag,36,26,0,0,20,0
2024-10-12,ably,24,19,0,0,20,0
2024-10-13,brandi,47,31,0,0,19,0
2024-10-13,zigzag,43,29,0,0,19,0
2024-10-13,ably,35,27,0,0,19,0
2024-10-14,brandi,74,54,0,0,18,0
2024-10-14,zigzag,55,40,0,0,18,0
2024-10-14,ably,39,25,0,0,18,0
2024-10-15,brandi,60,41,0,0,18,0
2024-10-15,zigzag,45,31,0,0,18,0
2024-10-15,ably,36,25,0,0,18,0
2024-10-16,brandi,50,38,0,0,18,0
2024-10-16,zigzag,45,33,0,0,18,0
2024-10-16,ably,29,24,0,0,18,0
2024-10-17,brandi,39,26,0,0,18,0
2024-10-17,zigzag,33,24,0,0,18,0
2024-10-17,ably,25,18,0,0,18,0
2024-10-18,brandi,38,29,0,0,18,0
2024-10-18,zigzag,33,26,0,0,18,0
2024-10-18,ably,29,20,0,0,18,0
2024-10-19,brandi,40,31,0,0,19,0
2024-10-19,zigzag,30,24,0,0,19,0
2024-10-19,ably,24,16,0,0,19,0
2024-10-20,brandi,45,33,0,0,19,0
2024-10-20,zigzag,40,30,0,0,19,0
2024-10-20,ably,29,21,0,0,19,0
2024-10-21,brandi,64,42,0,0,19,0
2024-10-21,zigzag,52,39,0,0,19,0
2024-10-21,ably,42,28,0,0,19,0
2024-10-22,brandi,49,31,0,0,19,0
2024-10-22,zigzag,47,32,0,0,19,0
2024-10-22,ably,41,30,0,0,19,0
2024-10-23,brandi,50,33,0,0,19,0
2024-10-23,zigzag,48,35,0,0,19,0
2024-10-23,ably,31,23,0,0,19,0
2024-10-24,brandi,45,32,0,0,18,0
2024-10-24,zigzag,38,29,0,0,18,0
2024-10-24,ably,27,22,0,0,18,0
2024-10-25,brandi,36,26,0,0,18,0
2024-10-25,zigzag,35,28,0,0,18,0
2024-10-25,ably,23,17,0,0,18,0
2024-10-26,brandi,38,27,0,0,19,0
2024-10-26,zigzag,35,22,0,0,19,0
2024-10-26,ably,23,19,0,0,19,0
2024-10-27,brandi,45,31,0,0,19,0
2024-10-27,zigzag,42,30,0,0,19,0
2024-10-27,ably,28,23,0,0,19,0
2024-10-28,brandi,65,50,0,0,19,0
2024-10-28,zigzag,45,36,0,0,19,0
2024-10-28,ably,37,29,0,0,19,0
2024-10-29,brandi,45,34,0,0,19,0
2024-10-29,zigzag,41,30,0,0,19,0
2024-10-29,ably,37,26,0,0,19,0
2024-10-30,brandi,52,43,0,0,20,0
2024-10-30,zigzag,40,32,0,0,20,0
2024-10-30,ably,27,22,0,0,20,0
2024-10-31,brandi,34,24,0,0,20,0
2024-10-31,zigzag,36,27,0,0,20,0
2024-10-31,ably,33,23,0,0,20,0
2024-11-01,brandi,40,31,0,0,20,0
2024-11-01,zigzag,32,26,0,0,20,0
2024-11-01,ably,25,16,0,0,20,0
2024-11-02,brandi,31,25,0,0,19,0
2024-11-02,zigzag,30,24,0,0,19,0
2024-11-02,ably,22,17,0,0,19,0
2024-11-03,brandi,44,28,0,0,19,0
2024-11-03,zigzag,42,29,0,0,19,0
2024-11-03,ably,29,20,0,0,19,0
2024-11-04,brandi,62,39,0,0,19,0
2024-11-04,zigzag,48,39,0,0,19,0
2024-11-04,ably,39,25,0,0,19,0
2024-11-05,brandi,58,45,0,0,19,0
2024-11-05,zigzag,41,28,0,0,19,0
2024-11-05,ably,30,22,0,0,19,0
2024-11-06,brandi,51,38,0,0,19,0
2024-11-06,zigzag,39,25,0,0,19,0
2024-11-06,ably,32,25,0,0,19,0
2024-11-07,brandi,39,24,0,0,19,0
2024-11-07,zigzag,40,30,0,0,19,0
2024-11-07,ably,26,18,0,0,19,0
2024-11-08,brandi,36,23,0,0,19,0
2024-11-08,zigzag,35,29,0,0,19,0
2024-11-08,ably,21,13,0,0,19,0
2024-11-09,brandi,30,21,0,0,19,0
2024-11-09,zigzag,28,19,0,0,19,0
2024-11-09,ably,21,17,0,0,19,0
2024-11-10,brandi,36,25,0,0,19,0
2024-11-10,zigzag,37,25,0,0,19,0
2024-11-10,ably,24,17,0,0,19,0
2024-11-11,brandi,57,45,0,0,18,0
2024-11-11,zigzag,37,29,0,0,18,0
2024-11-11,ably,30,19,0,0,18,0
2024-11-12,brandi,39,32,0,0,18,0
2024-11-12,zigzag,36,24,0,0,18,0
2024-11-12,ably,28,18,0,0,18,0
2024-11-13,brandi,39,32,0,0,18,0
2024-11-13,zigzag,34,27,0,0,18,0
2024-11-13,ably,24,16,0,0,18,0
2024-11-14,brandi,34,28,0,0,17,0
2024-11-14,zigzag,27,19,0,0,17,0
2024-11-14,ably,22,15,0,0,17,0
2024-11-15,brandi,31,22,0,0,17,0
2024-11-15,zigzag,27,20,0,0,17,0
2024-11-15,ably,19,13,0,0,17,0
2024-11-16,brandi,28,19,0,0,17,0
2024-11-16,zigzag,28,22,0,0,17,0
2024-11-16,ably,17,12,0,0,17,0
2024-11-17,brandi,33,21,0,0,16,0
2024-11-17,zigzag,28,19,0,0,16,0
2024-11-17,ably,19,14,0,0,16,0
2024-11-18,brandi,70,53,0,0,15,1
2024-11-18,zigzag,63,51,0,0,15,1
2024-11-18,ably,48,37,0,0,15,1
2024-11-19,brandi,69,57,0,0,15,1
2024-11-19,zigzag,59,37,0,0,15,1
2024-11-19,ably,40,31,0,0,15,1
2024-11-20,brandi,65,43,0,0,15,1
2024-11-20,zigzag,56,44,0,0,15,1
2024-11-20,ably,37,28,0,0,15,1
2024-11-21,brandi,50,37,0,0,14,1
2024-11-21,zigzag,48,36,0,0,14,1
2024-11-21,ably,34,22,0,0,14,1
2024-11-22,brandi,41,26,0,0,14,1
2024-11-22,zigzag,40,26,0,0,14,1
2024-11-22,ably,29,23,0,0,14,1
2024-11-23,brandi,41,27,0,0,16,1
2024-11-23,zigzag,39,31,0,0,16,1
2024-11-23,ably,24,15,0,0,16,1
2024-11-24,brandi,63,45,0,0,16,1
2024-11-24,zigzag,54,40,0,0,16,1
2024-11-24,ably,34,27,0,0,16,1
2024-11-25,brandi,77,64,0,0,16,1
2024-11-25,zigzag,54,42,0,0,16,1
2024-11-25,ably,43,27,0,0,16,1
2024-11-26,brandi,67,44,0,0,18,1
2024-11-26,zigzag,55,35,0,0,18,1
2024-11-26,ably,46,37,0,0,18,1
2024-11-27,brandi,77,54,0,0,19,1
2024-11-27,zigzag,52,40,0,0,19,1
2024-11-27,ably,38,27,0,0,19,1
2024-11-28,brandi,63,47,0,0,19,1
2024-11-28,zigzag,61,46,0,0,19,1
2024-11-28,ably,35,24,0,0,19,1
2024-11-29,brandi,57,45,0,0,19,1
2024-11-29,zigzag,57,41,0,0,19,1
2024-11-29,ably,31,21,0,0,19,1
2024-11-30,brandi,48,38,0,0,19,1
2024-11-30,zigzag,45,29,0,0,19,1
2024-11-30,ably,32,23,0,0,19,1
2024-12-01,brandi,73,48,0,0,19,1
2024-12-01,zigzag,61,42,0,0,19,1
2024-12-01,ably,37,25,0,0,19,1
2024-12-02,brandi,52,35,0,0,19,0
2024-12-02,zigzag,42,27,0,0,19,0
2024-12-02,ably,35,24,0,0,19,0
2024-12-03,brandi,42,32,0,0,20,0
2024-12-03,zigzag,37,30,0,0,20,0
2024-12-03,ably,29,20,0,0,20,0
2024-12-04,brandi,42,34,0,0,20,0
2024-12-04,zigzag,36,28,0,0,20,0
2024-12-04,ably,22,18,0,0,20,0
2024-12-05,brandi,37,26,0,0,20,0
2024-12-05,zigzag,29,23,0,0,20,0
2024-12-05,ably,23,16,0,0,20,0
2024-12-06,brandi,28,18,0,0,20,0
2024-12-06,zigzag,28,18,0,0,20,0
2024-12-06,ably,18,14,0,0,20,0
2024-12-07,brandi,26,18,0,0,20,0
2024-12-07,zigzag,27,19,0,0,20,0
2024-12-07,ably,18,13,0,0,20,0
2024-12-08,brandi,34,23,0,0,20,0
2024-12-08,zigzag,35,27,0,0,20,0
2024-12-08,ably,22,14,0,0,20,0
2024-12-09,brandi,47,38,0,0,20,0
2024-12-09,zigzag,42,27,0,0,20,0
2024-12-09,ably,28,19,0,0,20,0
2024-12-10,brandi,41,32,0,0,19,0
2024-12-10,zigzag,33,22,0,0,19,0
2024-12-10,ably,24,19,0,0,19,0
2024-12-11,brandi,38,25,0,0,18,0
2024-12-11,zigzag,28,19,0,0,18,0
2024-12-11,ably,18,14,0,0,18,0
2024-12-12,brandi,34,28,0,0,18,0
2024-12-12,zigzag,33,22,0,0,18,0
2024-12-12,ably,18,14,0,0,18,0
2024-12-13,brandi,23,15,0,0,18,0
2024-12-13,zigzag,23,15,0,0,18,0
2024-12-13,ably,16,11,0,0,18,0
2024-12-14,brandi,25,19,0,0,19,0
2024-12-14,zigzag,20,13,0,0,19,0
2024-12-14,ably,17,11,0,0,19,0
2024-12-15,brandi,33,27,0,0,18,0
2024-12-15,zigzag,25,19,0,0,18,0
2024-12-15,ably,21,16,0,0,18,0
2024-12-16,brandi,49,36,0,0,18,0
2024-12-16,zigzag,37,25,0,0,18,0
2024-12-16,ably,26,19,0,0,18,0
2024-12-17,brandi,36,25,0,0,17,0
2024-12-17,zigzag,33,25,0,0,17,0
2024-12-17,ably,20,16,0,0,17,0
2024-12-18,brandi,34,26,0,0,17,0
2024-12-18,zigzag,28,18,0,0,17,0
2024-12-18,ably,24,17,0,0,17,0
2024-12-19,brandi,30,22,0,0,17,0
2024-12-19,zigzag,30,20,0,0,17,0
2024-12-19,ably,17,14,0,0,17,0
2024-12-20,brandi,28,22,0,0,17,0
2024-12-20,zigzag,24,19,0,0,17,0
2024-12-20,ably,15,9,0,0,17,0
2024-12-21,brandi,25,17,0,0,18,0
2024-12-21,zigzag,24,17,0,0,18,0
2024-12-21,ably,15,12,0,0,18,0
2024-12-22,brandi,28,22,0,0,19,0
2024-12-22,zigzag,28,19,0,0,19,0
2024-12-22,ably,18,13,0,0,19,0
2024-12-23,brandi,41,26,0,0,19,0
2024-12-23,zigzag,37,25,0,0,19,0
2024-12-23,ably,23,17,0,0,19,0
2024-12-24,brandi,33,22,0,0,19,0
2024-12-24,zigzag,34,21,0,0,19,0
2024-12-24,ably,22,16,0,0,19,0
2024-12-25,brandi,28,19,0,0,18,0
2024-12-25,zigzag,32,20,0,0,18,0
2024-12-25,ably,22,17,0,0,18,0
2024-12-26,brandi,29,19,0,0,18,0
2024-12-26,zigzag,24,19,0,0,18,0
2024-12-26,ably,21,14,0,0,18,0
2024-12-27,brandi,28,19,0,0,18,0
2024-12-27,zigzag,29,20,0,0,18,0
2024-12-27,ably,18,13,0,0,18,0
2024-12-28,brandi,27,19,0,0,18,0
2024-12-28,zigzag,22,17,0,0,18,0
2024-12-28,ably,17,13,0,0,18,0
2024-12-29,brandi,35,27,0,0,20,0
2024-12-29,zigzag,32,22,0,0,20,0
2024-12-29,ably,20,15,0,0,20,0
2024-12-30,brandi,41,32,0,0,18,0
2024-12-30,zigzag,36,23,0,0,18,0
2024-12-30,ably,29,21,0,0,18,0
2024-12-31,brandi,42,30,0,0,17,0
2024-12-31,zigzag,32,23,0,0,17,0
2024-12-31,ably,23,18,0,0,17,0
2025-01-01,brandi,35,23,0,0,16,0
2025-01-01,zigzag,29,21,0,0,16,0
2025-01-01,ably,23,19,0,0,16,0
2025-01-02,brandi,26,16,0,0,16,0
2025-01-02,zigzag,25,16,0,0,16,0
2025-01-02,ably,18,12,0,0,16,0
2025-01-03,brandi,23,15,0,0,18,0
2025-01-03,zigzag,23,15,0,0,18,0
2025-01-03,ably,16,12,0,0,18,0
2025-01-04,brandi,27,19,0,0,17,0
2025-01-04,zigzag,26,18,0,0,17,0
2025-01-04,ably,17,13,0,0,17,0
2025-01-05,brandi,33,26,0,0,18,0
2025-01-05,zigzag,31,25,0,0,18,0
2025-01-05,ably,24,16,0,0,18,0
2025-01-06,brandi,45,30,0,0,18,0
2025-01-06,zigzag,40,27,0,0,18,0
2025-01-06,ably,32,24,0,0,18,0
2025-01-07,brandi,43,34,0,0,18,0
2025-01-07,zigzag,41,30,0,0,18,0
2025-01-07,ably,28,20,0,0,18,0
2025-01-08,brandi,44,28,0,0,18,0
2025-01-08,zigzag,33,21,0,0,18,0
2025-01-08,ably,26,17,0,0,18,0
2025-01-09,brandi,38,25,0,0,18,0
2025-01-09,zigzag,30,19,0,0,18,0
2025-01-09,ably,21,15,0,0,18,0
2025-01-10,brandi,36,30,0,0,18,0
2025-01-10,zigzag,29,24,0,0,18,0
2025-01-10,ably,20,15,0,0,18,0
2025-01-11,brandi,32,25,0,0,18,0
2025-01-11,zigzag,31,24,0,0,18,0
2025-01-11,ably,17,11,0,0,18,0
2025-01-12,brandi,36,28,0,0,18,0
2025-01-12,zigzag,33,21,0,0,18,0
2025-01-12,ably,28,19,0,0,18,0
2025-01-13,brandi,55,38,0,0,19,0
2025-01-13,zigzag,50,34,0,0,19,0
2025-01-13,ably,30,23,0,0,19,0
2025-01-14,brandi,43,29,0,0,20,0
2025-01-14,zigzag,43,34,0,0,20,0
2025-01-14,ably,30,19,0,0,20,0
2025-01-15,brandi,45,34,0,0,20,0
2025-01-15,zigzag,37,28,0,0,20,0
2025-01-15,ably,28,19,0,0,20,0
2025-01-16,brandi,40,27,0,0,20,0
2025-01-16,zigzag,37,27,0,0,20,0
2025-01-16,ably,26,18,0,0,20,0
2025-01-17,brandi,31,25,0,0,20,0
2025-01-17,zigzag,26,18,0,0,20,0
2025-01-17,ably,24,18,0,0,20,0
2025-01-18,brandi,37,28,0,0,20,0
2025-01-18,zigzag,27,21,0,0,20,0
2025-01-18,ably,18,14,0,0,20,0
2025-01-19,brandi,43,32,0,0,20,0
2025-01-19,zigzag,40,29,0,0,20,0
2025-01-19,ably,31,24,0,0,20,0
2025-01-20,brandi,59,46,0,0,20,0
2025-01-20,zigzag,48,34,0,0,20,0
2025-01-20,ably,33,26,0,0,20,0
2025-01-21,brandi,49,33,0,0,20,0
2025-01-21,zigzag,42,27,0,0,20,0
2025-01-21,ably,28,20,0,0,20,0
2025-01-22,brandi,52,33,0,0,19,0
2025-01-22,zigzag,44,36,0,0,19,0
2025-01-22,ably,30,25,0,0,19,0
2025-01-23,brandi,36,24,0,0,19,0
2025-01-23,zigzag,37,25,0,0,19,0
2025-01-23,ably,26,17,0,0,19,0
2025-01-24,brandi,36,29,0,0,19,0
2025-01-24,zigzag,33,22,0,0,19,0
2025-01-24,ably,23,17,0,0,19,0
2025-01-25,brandi,34,26,0,0,19,0
2025-01-25,zigzag,29,23,0,0,19,0
2025-01-25,ably,21,13,0,0,19,0
2025-01-26,brandi,35,29,0,0,19,0
2025-01-26,zigzag,35,23,0,0,19,0
2025-01-26,ably,24,16,0,0,19,0
2025-01-27,brandi,47,31,0,0,19,0
2025-01-27,zigzag,52,35,0,0,19,0
2025-01-27,ably,37,24,0,0,19,0
2025-01-28,brandi,50,39,0,0,18,0
2025-01-28,zigzag,40,33,0,0,18,0
2025-01-28,ably,31,22,0,0,18,0
2025-01-29,brandi,40,30,0,0,18,0
2025-01-29,zigzag,36,29,0,0,18,0
2025-01-29,ably,23,18,0,0,18,0
2025-01-30,brandi,37,28,0,0,18,0
2025-01-30,zigzag,31,25,0,0,18,0
2025-01-30,ably,20,16,0,0,18,0
2025-01-31,brandi,31,20,0,0,18,0
2025-01-31,zigzag,27,20,0,0,18,0
2025-01-31,ably,23,14,0,0,18,0
2025-02-01,brandi,31,20,0,0,18,0
2025-02-01,zigzag,25,20,0,0,18,0
2025-02-01,ably,18,12,0,0,18,0
2025-02-02,brandi,37,26,0,0,19,0
2025-02-02,zigzag,32,22,0,0,19,0
2025-02-02,ably,21,17,0,0,19,0
2025-02-03,brandi,47,37,0,0,18,0
2025-02-03,zigzag,39,32,0,0,18,0
2025-02-03,ably,27,19,0,0,18,0
2025-02-04,brandi,44,28,0,0,18,0
2025-02-04,zigzag,38,26,0,0,18,0
2025-02-04,ably,23,15,0,0,18,0
2025-02-05,brandi,38,24,0,0,18,0
2025-02-05,zigzag,36,24,0,0,18,0
2025-02-05,ably,26,21,0,0,18,0
2025-02-06,brandi,37,24,0,0,18,0
2025-02-06,zigzag,30,22,0,0,18,0
2025-02-06,ably,20,17,0,0,18,0
2025-02-07,brandi,27,19,0,0,17,0
2025-02-07,zigzag,27,17,0,0,17,0
2025-02-07,ably,19,15,0,0,17,0
2025-02-08,brandi,31,22,0,0,17,0
2025-02-08,zigzag,27,21,0,0,17,0
2025-02-08,ably,17,14,0,0,17,0
2025-02-09,brandi,32,26,0,0,18,0
2025-02-09,zigzag,30,20,0,0,18,0
2025-02-09,ably,22,14,0,0,18,0
2025-02-10,brandi,46,37,0,0,18,0
2025-02-10,zigzag,39,30,0,0,18,0
2025-02-10,ably,30,23,0,0,18,0
2025-02-11,brandi,39,32,0,0,17,0
2025-02-11,zigzag,34,24,0,0,17,0
2025-02-11,ably,26,18,0,0,17,0
2025-02-12,brandi,35,24,0,0,17,0
2025-02-12,zigzag,33,24,0,0,17,0
2025-02-12,ably,23,16,0,0,17,0
2025-02-13,brandi,29,23,0,0,16,0
2025-02-13,zigzag,27,21,0,0,16,0
2025-02-13,ably,22,14,0,0,16,0
2025-02-14,brandi,26,17,0,0,17,0
2025-02-14,zigzag,21,13,0,0,17,0
2025-02-14,ably,15,10,0,0,17,0
2025-02-15,brandi,27,18,0,0,18,0
2025-02-15,zigzag,24,15,0,0,18,0
2025-02-15,ably,17,12,0,0,18,0
2025-02-16,brandi,38,32,0,0,20,0
2025-02-16,zigzag,24,20,0,0,20,0
2025-02-16,ably,22,18,0,0,20,0
2025-02-17,brandi,52,42,0,0,20,0
2025-02-17,zigzag,37,28,0,0,20,0
2025-02-17,ably,28,19,0,0,20,0
2025-02-18,brandi,39,26,0,0,20,0
2025-02-18,zigzag,34,24,0,0,20,0
2025-02-18,ably,25,20,0,0,20,0
2025-02-19,brandi,41,27,0,0,18,0
2025-02-19,zigzag,37,28,0,0,18,0
2025-02-19,ably,22,18,0,0,18,0
2025-02-20,brandi,40,30,0,0,18,0
2025-02-20,zigzag,30,23,0,0,18,0
2025-02-20,ably,24,18,0,0,18,0
2025-02-21,brandi,30,20,0,0,18,0
2025-02-21,zigzag,27,18,0,0,18,0
2025-02-21,ably,20,14,0,0,18,0
2025-02-22,brandi,37,29,0,0,19,0
2025-02-22,zigzag,27,18,0,0,19,0
2025-02-22,ably,17,12,0,0,19,0
2025-02-23,brandi,39,31,0,0,19,0
2025-02-23,zigzag,31,21,0,0,19,0
2025-02-23,ably,22,16,0,0,19,0
2025-02-24,brandi,49,36,0,0,17,0
2025-02-24,zigzag,40,32,0,0,17,0
2025-02-24,ably,29,21,0,0,17,0
2025-02-25,brandi,41,33,0,0,18,0
2025-02-25,zigzag,36,28,0,0,18,0
2025-02-25,ably,26,21,0,0,18,0
2025-02-26,brandi,32,20,0,0,19,0
2025-02-26,zigzag,34,26,0,0,19,0
2025-02-26,ably,21,16,0,0,19,0
2025-02-27,brandi,30,23,0,0,19,0
2025-02-27,zigzag,29,19,0,0,19,0
2025-02-27,ably,21,15,0,0,19,0
2025-02-28,brandi,29,18,0,0,19,0
2025-02-28,zigzag,28,21,0,0,19,0
2025-02-28,ably,17,14,0,0,19,0
2025-03-01,brandi,28,20,0,0,19,0
2025-03-01,zigzag,24,18,0,0,19,0
2025-03-01,ably,18,12,0,0,19,0
2025-03-02,brandi,37,24,0,0,19,0
2025-03-02,zigzag,29,21,0,0,19,0
2025-03-02,ably,24,15,0,0,19,0
2025-03-03,brandi,48,34,0,0,19,0
2025-03-03,zigzag,36,28,0,0,19,0
2025-03-03,ably,26,19,0,0,19,0
2025-03-04,brandi,42,35,0,0,19,0
2025-03-04,zigzag,36,24,0,0,19,0
2025-03-04,ably,26,21,0,0,19,0
2025-03-05,brandi,38,29,0,0,19,0
2025-03-05,zigzag,34,24,0,0,19,0
2025-03-05,ably,25,21,0,0,19,0
2025-03-06,brandi,31,25,0,0,20,0
2025-03-06,zigzag,27,18,0,0,20,0
2025-03-06,ably,19,15,0,0,20,0
2025-03-07,brandi,30,22,0,0,20,0
2025-03-07,zigzag,28,21,0,0,20,0
2025-03-07,ably,18,14,0,0,20,0
2025-03-08,brandi,22,17,0,0,19,0
2025-03-08,zigzag,21,14,0,0,19,0
2025-03-08,ably,16,10,0,0,19,0
2025-03-09,brandi,31,25,0,0,17,0
2025-03-09,zigzag,28,18,0,0,17,0
2025-03-09,ably,20,14,0,0,17,0
2025-03-10,brandi,43,30,0,0,19,0
2025-03-10,zigzag,42,28,0,0,19,0
2025-03-10,ably,26,18,0,0,19,0
2025-03-11,brandi,37,24,0,0,19,0
2025-03-11,zigzag,36,26,0,0,19,0
2025-03-11,ably,22,16,0,0,19,0
2025-03-12,brandi,37,28,0,0,18,0
2025-03-12,zigzag,31,25,0,0,18,0
2025-03-12,ably,22,15,0,0,18,0
2025-03-13,brandi,37,30,0,0,18,0
2025-03-13,zigzag,27,21,0,0,18,0
2025-03-13,ably,24,19,0,0,18,0
2025-03-14,brandi,29,23,0,0,18,0
2025-03-14,zigzag,24,16,0,0,18,0
2025-03-14,ably,19,13,0,0,18,0
2025-03-15,brandi,26,19,0,0,18,0
2025-03-15,zigzag,24,19,0,0,18,0
2025-03-15,ably,19,14,0,0,18,0
2025-03-16,brandi,39,29,0,0,18,0
2025-03-16,zigzag,31,21,0,0,18,0
2025-03-16,ably,25,17,0,0,18,0
2025-03-17,brandi,53,38,0,0,16,0
2025-03-17,zigzag,47,34,0,0,16,0
2025-03-17,ably,31,20,0,0,16,0
2025-03-18,brandi,48,32,0,0,16,0
2025-03-18,zigzag,32,23,0,0,16,0
2025-03-18,ably,26,19,0,0,16,0
2025-03-19,brandi,37,31,0,0,16,0
2025-03-19,zigzag,35,22,0,0,16,0
2025-03-19,ably,24,18,0,0,16,0
2025-03-20,brandi,35,27,0,0,17,0
2025-03-20,zigzag,37,23,0,0,17,0
2025-03-20,ably,22,15,0,0,17,0
2025-03-21,brandi,33,27,0,0,17,0
2025-03-21,zigzag,28,23,0,0,17,0
2025-03-21,ably,20,17,0,0,17,0
2025-03-22,brandi,31,22,0,0,17,0
2025-03-22,zigzag,28,23,0,0,17,0
2025-03-22,ably,21,13,0,0,17,0
2025-03-23,brandi,45,29,0,0,18,0
2025-03-23,zigzag,36,25,0,0,18,0
2025-03-23,ably,26,18,0,0,18,0
2025-03-24,brandi,49,37,0,0,19,0
2025-03-24,zigzag,47,38,0,0,19,0
2025-03-24,ably,36,24,0,0,19,0
2025-03-25,brandi,52,42,0,0,19,0
2025-03-25,zigzag,43,35,0,0,19,0
2025-03-25,ably,32,24,0,0,19,0
2025-03-26,brandi,47,39,0,0,19,0
2025-03-26,zigzag,43,31,0,0,19,0
2025-03-26,ably,29,20,0,0,19,0
2025-03-27,brandi,39,26,0,0,18,0
2025-03-27,zigzag,36,25,0,0,18,0
2025-03-27,ably,20,13,0,0,18,0
2025-03-28,brandi,38,28,0,0,18,0
2025-03-28,zigzag,24,16,0,0,18,0
2025-03-28,ably,20,14,0,0,18,0
2025-03-29,brandi,36,28,0,0,18,0
2025-03-29,zigzag,31,20,0,0,18,0
2025-03-29,ably,20,15,0,0,18,0
2025-03-30,brandi,42,35,0,0,19,0
2025-03-30,zigzag,43,33,0,0,19,0
2025-03-30,ably,27,20,0,0,19,0
2025-03-31,brandi,70,52,0,0,19,0
2025-03-31,zigzag,51,36,0,0,19,0
2025-03-31,ably,38,24,0,0,19,0
2025-04-01,brandi,59,45,0,0,19,0
2025-04-01,zigzag,46,33,0,0,19,0
2025-04-01,ably,30,22,0,0,19,0
2025-04-02,brandi,47,31,0,0,20,0
2025-04-02,zigzag,41,32,0,0,20,0
2025-04-02,ably,27,22,0,0,20,0
2025-04-03,brandi,42,30,0,0,20,0
2025-04-03,zigzag,36,25,0,0,20,0
2025-04-03,ably,29,19,0,0,20,0
2025-04-04,brandi,39,27,0,0,20,0
2025-04-04,zigzag,33,22,0,0,20,0
2025-04-04,ably,24,18,0,0,20,0
2025-04-05,brandi,37,30,0,0,20,0
2025-04-05,zigzag,34,27,0,0,20,0
2025-04-05,ably,21,17,0,0,20,0
2025-04-06,brandi,42,32,0,0,18,0
2025-04-06,zigzag,43,31,0,0,18,0
2025-04-06,ably,27,20,0,0,18,0
2025-04-07,brandi,54,38,0,0,18,0
2025-04-07,zigzag,54,39,0,0,18,0
2025-04-07,ably,39,27,0,0,18,0
2025-04-08,brandi,47,32,0,0,19,0
2025-04-08,zigzag,48,36,0,0,19,0
2025-04-08,ably,35,26,0,0,19,0
2025-04-09,brandi,50,35,0,0,19,0
2025-04-09,zigzag,45,31,0,0,19,0
2025-04-09,ably,27,20,0,0,19,0
2025-04-10,brandi,45,34,0,0,19,0
2025-04-10,zigzag,37,25,0,0,19,0
2025-04-10,ably,26,18,0,0,19,0
2025-04-11,brandi,42,33,0,0,19,0
2025-04-11,zigzag,38,28,0,0,19,0
2025-04-11,ably,28,18,0,0,19,0
2025-04-12,brandi,40,33,0,0,19,0
2025-04-12,zigzag,31,20,0,0,19,0
2025-04-12,ably,23,18,0,0,19,0
2025-04-13,brandi,49,35,0,0,19,0
2025-04-13,zigzag,41,30,0,0,19,0
2025-04-13,ably,29,24,0,0,19,0
2025-04-14,brandi,64,41,0,0,19,0
2025-04-14,zigzag,52,38,0,0,19,0
2025-04-14,ably,36,23,0,0,19,0
2025-04-15,brandi,51,39,0,0,19,0
2025-04-15,zigzag,48,31,0,0,19,0
2025-04-15,ably,33,21,0,0,19,0
2025-04-16,brandi,49,34,0,0,19,0
2025-04-16,zigzag,44,34,0,0,19,0
2025-04-16,ably,29,20,0,0,19,0
2025-04-17,brandi,45,32,0,0,19,0
2025-04-17,zigzag,38,24,0,0,19,0
2025-04-17,ably,24,17,0,0,19,0
2025-04-18,brandi,42,32,0,0,19,0
2025-04-18,zigzag,31,25,0,0,19,0
2025-04-18,ably,20,14,0,0,19,0
2025-04-19,brandi,31,20,0,0,19,0
2025-04-19,zigzag,28,23,0,0,19,0
2025-04-19,ably,21,14,0,0,19,0
2025-04-20,brandi,42,27,0,0,19,0
2025-04-20,zigzag,37,30,0,0,19,0
2025-04-20,ably,28,23,0,0,19,0
2025-04-21,brandi,58,39,0,0,19,0
2025-04-21,zigzag,51,35,0,0,19,0
2025-04-21,ably,37,30,0,0,19,0
2025-04-22,brandi,52,34,0,0,19,0
2025-04-22,zigzag,37,26,0,0,19,0
2025-04-22,ably,30,19,0,0,19,0
2025-04-23,brandi,38,24,0,0,19,0
2025-04-23,zigzag,39,26,0,0,19,0
2025-04-23,ably,28,20,0,0,19,0
2025-04-24,brandi,43,33,0,0,19,0
2025-04-24,zigzag,38,27,0,0,19,0
2025-04-24,ably,25,20,0,0,19,0
2025-04-25,brandi,33,23,0,0,18,0
2025-04-25,zigzag,32,26,0,0,18,0
2025-04-25,ably,21,15,0,0,18,0
2025-04-26,brandi,32,26,0,0,18,0
2025-04-26,zigzag,30,23,0,0,18,0
2025-04-26,ably,19,15,0,0,18,0
2025-04-27,brandi,43,30,0,0,19,0
2025-04-27,zigzag,37,24,0,0,19,0
2025-04-27,ably,23,19,0,0,19,0
2025-04-28,brandi,56,36,0,0,19,0
2025-04-28,zigzag,48,31,0,0,19,0
2025-04-28,ably,33,25,0,0,19,0
2025-04-29,brandi,43,29,0,0,19,0
2025-04-29,zigzag,37,27,0,0,19,0
2025-04-29,ably,27,21,0,0,19,0
2025-04-30,brandi,42,30,0,0,19,0
2025-04-30,zigzag,33,27,0,0,19,0
2025-04-30,ably,26,17,0,0,19,0
2025-05-01,brandi,33,21,0,0,19,0
2025-05-01,zigzag,31,20,0,0,19,0
2025-05-01,ably,23,16,0,0,19,0
2025-05-02,brandi,38,27,0,0,19,0
2025-05-02,zigzag,25,16,0,0,19,0
2025-05-02,ably,22,17,0,0,19,0
2025-05-03,brandi,29,24,0,0,18,0
2025-05-03,zigzag,26,18,0,0,18,0
2025-05-03,ably,18,14,0,0,18,0
2025-05-04,brandi,37,28,0,0,18,0
2025-05-04,zigzag,31,26,0,0,18,0
2025-05-04,ably,25,17,0,0,18,0
2025-05-05,brandi,45,34,0,0,19,0
2025-05-05,zigzag,44,35,0,0,19,0
2025-05-05,ably,28,23,0,0,19,0
2025-05-06,brandi,40,30,0,0,19,0
2025-05-06,zigzag,32,21,0,0,19,0
2025-05-06,ably,26,19,0,0,19,0
2025-05-07,brandi,41,28,0,0,19,0
2025-05-07,zigzag,31,21,0,0,19,0
2025-05-07,ably,22,17,0,0,19,0
2025-05-08,brandi,29,19,0,0,19,0
2025-05-08,zigzag,28,19,0,0,19,0
2025-05-08,ably,18,13,0,0,19,0
2025-05-09,brandi,26,22,0,0,19,0
2025-05-09,zigzag,25,21,0,0,19,0
2025-05-09,ably,20,13,0,0,19,0
2025-05-10,brandi,32,21,0,0,19,0
2025-05-10,zigzag,22,14,0,0,19,0
2025-05-10,ably,18,12,0,0,19,0
2025-05-11,brandi,33,27,0,0,19,0
2025-05-11,zigzag,28,18,0,0,19,0
2025-05-11,ably,21,15,0,0,19,0
2025-05-12,brandi,42,28,0,0,19,0
2025-05-12,zigzag,37,31,0,0,19,0
2025-05-12,ably,25,19,0,0,19,0
2025-05-13,brandi,33,22,0,0,20,0
2025-05-13,zigzag,29,19,0,0,20,0
2025-05-13,ably,24,17,0,0,20,0
2025-05-14,brandi,33,25,0,0,20,0
2025-05-14,zigzag,28,21,0,0,20,0
2025-05-14,ably,21,13,0,0,20,0
2025-05-15,brandi,32,23,0,0,19,0
2025-05-15,zigzag,27,20,0,0,19,0
2025-05-15,ably,18,13,0,0,19,0
2025-05-16,brandi,30,22,0,0,19,0
2025-05-16,zigzag,27,19,0,0,19,0
2025-05-16,ably,18,13,0,0,19,0
2025-05-17,brandi,28,18,0,0,20,0
2025-05-17,zigzag,25,16,0,0,20,0
2025-05-17,ably,18,11,0,0,20,0
2025-05-18,brandi,34,24,0,0,19,0
2025-05-18,zigzag,30,22,0,0,19,0
2025-05-18,ably,21,14,0,0,19,0
2025-05-19,brandi,39,25,0,0,19,0
2025-05-19,zigzag,39,27,0,0,19,0
2025-05-19,ably,24,16,0,0,19,0
2025-05-20,brandi,35,23,0,0,18,0
2025-05-20,zigzag,36,24,0,0,18,0
2025-05-20,ably,25,17,0,0,18,0
2025-05-21,brandi,36,28,0,0,16,0
2025-05-21,zigzag,28,20,0,0,16,0
2025-05-21,ably,18,13,0,0,16,0
2025-05-22,brandi,29,24,0,0,16,0
2025-05-22,zigzag,26,17,0,0,16,0
2025-05-22,ably,18,12,0,0,16,0
2025-05-23,brandi,29,23,0,0,15,0
2025-05-23,zigzag,22,14,0,0,15,0
2025-05-23,ably,17,11,0,0,15,0
2025-05-24,brandi,23,15,0,0,15,0
2025-05-24,zigzag,22,16,0,0,15,0
2025-05-24,ably,16,10,0,0,15,0
2025-05-25,brandi,29,21,0,0,14,0
2025-05-25,zigzag,27,19,0,0,14,0
2025-05-25,ably,19,16,0,0,14,0
2025-05-26,brandi,40,27,0,0,14,0
2025-05-26,zigzag,41,28,0,0,14,0
2025-05-26,ably,25,18,0,0,14,0
2025-05-27,brandi,36,26,0,0,15,0
2025-05-27,zigzag,27,18,0,0,15,0
2025-05-27,ably,21,14,0,0,15,0
2025-05-28,brandi,33,25,0,0,16,0
2025-05-28,zigzag,28,18,0,0,16,0
2025-05-28,ably,24,16,0,0,16,0
2025-05-29,brandi,31,19,0,0,16,0
2025-05-29,zigzag,30,19,0,0,16,0
2025-05-29,ably,19,12,0,0,16,0
2025-05-30,brandi,28,19,0,0,17,0
2025-05-30,zigzag,24,17,0,0,17,0
2025-05-30,ably,18,14,0,0,17,0
2025-05-31,brandi,31,22,0,0,17,0
2025-05-31,zigzag,20,13,0,0,17,0
2025-05-31,ably,14,10,0,0,17,0
2025-06-01,brandi,34,22,0,0,19,0
2025-06-01,zigzag,31,25,0,0,19,0
2025-06-01,ably,24,18,0,0,19,0
2025-06-02,brandi,52,37,0,0,20,0
2025-06-02,zigzag,42,31,0,0,20,0
2025-06-02,ably,34,27,0,0,20,0
2025-06-03,brandi,49,39,0,0,20,0
2025-06-03,zigzag,40,26,0,0,20,0
2025-06-03,ably,31,22,0,0,20,0
2025-06-04,brandi,44,36,0,0,20,0
2025-06-04,zigzag,36,30,0,0,20,0
2025-06-04,ably,28,20,0,0,20,0
2025-06-05,brandi,40,32,0,0,20,0
2025-06-05,zigzag,34,23,0,0,20,0
2025-06-05,ably,28,18,0,0,20,0
2025-06-06,brandi,29,22,0,0,19,0
2025-06-06,zigzag,28,19,0,0,19,0
2025-06-06,ably,20,16,0,0,19,0
2025-06-07,brandi,33,25,0,0,19,0
2025-06-07,zigzag,29,19,0,0,19,0
2025-06-07,ably,19,13,0,0,19,0
2025-06-08,brandi,40,26,0,0,19,0
2025-06-08,zigzag,35,27,0,0,19,0
2025-06-08,ably,33,25,0,0,19,0
2025-06-09,brandi,65,47,0,0,20,0
2025-06-09,zigzag,48,34,0,0,20,0
2025-06-09,ably,34,21,0,0,20,0
2025-06-10,brandi,45,36,0,0,20,0
2025-06-10,zigzag,37,24,0,0,20,0
2025-06-10,ably,31,20,0,0,20,0
2025-06-11,brandi,41,29,0,0,19,0
2025-06-11,zigzag,39,29,0,0,19,0
2025-06-11,ably,25,18,0,0,19,0
2025-06-12,brandi,39,30,0,0,19,0
2025-06-12,zigzag,36,24,0,0,19,0
2025-06-12,ably,26,19,0,0,19,0
2025-06-13,brandi,38,24,0,0,19,0
2025-06-13,zigzag,29,20,0,0,19,0
2025-06-13,ably,25,18,0,0,19,0
2025-06-14,brandi,33,22,0,0,19,0
2025-06-14,zigzag,32,23,0,0,19,0
2025-06-14,ably,22,14,0,0,19,0
2025-06-15,brandi,60,47,0,0,20,1
2025-06-15,zigzag,57,36,0,0,20,1
2025-06-15,ably,43,28,0,0,20,1
2025-06-16,brandi,94,61,0,0,20,1
2025-06-16,zigzag,77,55,0,0,20,1
2025-06-16,ably,63,41,0,0,20,1
2025-06-17,brandi,85,64,0,0,20,1
2025-06-17,zigzag,68,45,0,0,20,1
2025-06-17,ably,52,41,0,0,20,1
2025-06-18,brandi,84,64,0,0,20,1
2025-06-18,zigzag,73,53,0,0,20,1
2025-06-18,ably,41,31,0,0,20,1
2025-06-19,brandi,59,44,0,0,19,1
2025-06-19,zigzag,63,41,0,0,19,1
2025-06-19,ably,37,28,0,0,19,1
2025-06-20,brandi,51,34,0,0,19,1
2025-06-20,zigzag,48,39,0,0,19,1
2025-06-20,ably,37,25,0,0,19,1
2025-06-21,brandi,53,35,0,0,19,1
2025-06-21,zigzag,44,32,0,0,19,1
2025-06-21,ably,32,21,0,0,19,1
2025-06-22,brandi,42,27,0,0,20,0
2025-06-22,zigzag,37,24,0,0,20,0
2025-06-22,ably,34,25,0,0,20,0
2025-06-23,brandi,61,44,0,0,20,0
2025-06-23,zigzag,56,37,0,0,20,0
2025-06-23,ably,36,27,0,0,20,0
2025-06-24,brandi,52,34,0,0,20,0
2025-06-24,zigzag,43,32,0,0,20,0
2025-06-24,ably,27,18,0,0,20,0
2025-06-25,brandi,43,35,0,0,20,0
2025-06-25,zigzag,36,30,0,0,20,0
2025-06-25,ably,25,16,0,0,20,0
2025-06-26,brandi,39,25,0,0,20,0
2025-06-26,zigzag,42,27,0,0,20,0
2025-06-26,ably,27,17,0,0,20,0
2025-06-27,brandi,43,31,0,0,20,0
2025-06-27,zigzag,35,27,0,0,20,0
2025-06-27,ably,26,21,0,0,20,0
2025-06-28,brandi,34,24,0,0,20,0
2025-06-28,zigzag,33,26,0,0,20,0
2025-06-28,ably,24,15,0,0,20,0
2025-06-29,brandi,43,36,0,0,20,0
2025-06-29,zigzag,41,33,0,0,20,0
2025-06-29,ably,30,23,0,0,20,0
2025-06-30,brandi,56,44,0,0,20,0
2025-06-30,zigzag,47,36,0,0,20,0
2025-06-30,ably,33,23,0,0,20,0
2025-07-01,brandi,51,38,0,0,20,0
2025-07-01,zigzag,46,32,0,0,20,0
2025-07-01,ably,30,19,0,0,20,0
2025-07-02,brandi,46,32,0,0,20,0
2025-07-02,zigzag,42,28,0,0,20,0
2025-07-02,ably,30,22,0,0,20,0
2025-07-03,brandi,46,36,0,0,20,0
2025-07-03,zigzag,39,29,0,0,20,0
2025-07-03,ably,23,15,0,0,20,0
2025-07-04,brandi,40,28,0,0,20,0
2025-07-04,zigzag,30,23,0,0,20,0
2025-07-04,ably,24,17,0,0,20,0
2025-07-05,brandi,33,22,0,0,20,0
2025-07-05,zigzag,28,19,0,0,20,0
2025-07-05,ably,18,13,0,0,20,0
2025-07-06,brandi,40,26,0,0,20,0
2025-07-06,zigzag,31,21,0,0,20,0
2025-07-06,ably,27,19,0,0,20,0
2025-07-07,brandi,59,46,0,0,19,0
2025-07-07,zigzag,43,35,0,0,19,0
2025-07-07,ably,33,21,0,0,19,0
2025-07-08,brandi,42,29,0,0,18,0
2025-07-08,zigzag,37,27,0,0,18,0
2025-07-08,ably,30,21,0,0,18,0
2025-07-09,brandi,40,33,0,0,18,0
2025-07-09,zigzag,40,26,0,0,18,0
2025-07-09,ably,24,19,0,0,18,0
2025-07-10,brandi,38,25,0,0,18,0
2025-07-10,zigzag,31,22,0,0,18,0
2025-07-10,ably,23,18,0,0,18,0
2025-07-11,brandi,30,25,0,0,19,0
2025-07-11,zigzag,27,18,0,0,19,0
2025-07-11,ably,19,15,0,0,19,0
2025-07-12,brandi,27,22,0,0,19,0
2025-07-12,zigzag,27,18,0,0,19,0
2025-07-12,ably,19,14,0,0,19,0
2025-07-13,brandi,38,28,0,0,19,0
2025-07-13,zigzag,36,28,0,0,19,0
2025-07-13,ably,25,16,0,0,19,0
2025-07-14,brandi,45,34,0,0,19,0
2025-07-14,zigzag,42,33,0,0,19,0
2025-07-14,ably,28,21,0,0,19,0
2025-07-15,brandi,41,32,0,0,19,0
2025-07-15,zigzag,34,26,0,0,19,0
2025-07-15,ably,29,24,0,0,19,0
2025-07-16,brandi,38,30,0,0,18,0
2025-07-16,zigzag,32,23,0,0,18,0
2025-07-16,ably,25,16,0,0,18,0
2025-07-17,brandi,28,23,0,0,18,0
2025-07-17,zigzag,25,19,0,0,18,0
2025-07-17,ably,22,14,0,0,18,0
2025-07-18,brandi,30,19,0,0,18,0
2025-07-18,zigzag,26,18,0,0,18,0
2025-07-18,ably,17,13,0,0,18,0
2025-07-19,brandi,27,20,0,0,18,0
2025-07-19,zigzag,28,22,0,0,18,0
2025-07-19,ably,18,14,0,0,18,0
2025-07-20,brandi,35,26,0,0,18,0
2025-07-20,zigzag,29,20,0,0,18,0
2025-07-20,ably,21,16,0,0,18,0
2025-07-21,brandi,37,26,0,0,17,0
2025-07-21,zigzag,40,30,0,0,17,0
2025-07-21,ably,30,22,0,0,17,0
2025-07-22,brandi,34,22,0,0,18,0
2025-07-22,zigzag,32,21,0,0,18,0
2025-07-22,ably,22,17,0,0,18,0
2025-07-23,brandi,32,22,0,0,18,0
2025-07-23,zigzag,30,23,0,0,18,0
2025-07-23,ably,18,15,0,0,18,0
2025-07-24,brandi,31,21,0,0,16,0
2025-07-24,zigzag,28,22,0,0,16,0
2025-07-24,ably,18,13,0,0,16,0
2025-07-25,brandi,22,16,0,0,17,0
2025-07-25,zigzag,22,17,0,0,17,0
2025-07-25,ably,18,15,0,0,17,0
2025-07-26,brandi,20,15,0,0,18,0
2025-07-26,zigzag,22,14,0,0,18,0
2025-07-26,ably,15,10,0,0,18,0
2025-07-27,brandi,35,26,0,0,18,0
2025-07-27,zigzag,27,22,0,0,18,0
2025-07-27,ably,21,15,0,0,18,0
2025-07-28,brandi,47,38,0,0,18,0
2025-07-28,zigzag,45,32,0,0,18,0
2025-07-28,ably,28,19,0,0,18,0
2025-07-29,brandi,42,31,0,0,18,0
2025-07-29,zigzag,31,23,0,0,18,0
2025-07-29,ably,28,23,0,0,18,0
2025-07-30,brandi,35,29,0,0,19,0
2025-07-30,zigzag,32,23,0,0,19,0
2025-07-30,ably,23,15,0,0,19,0
2025-07-31,brandi,31,24,0,0,19,0
2025-07-31,zigzag,31,22,0,0,19,0
2025-07-31,ably,23,16,0,0,19,0
2025-08-01,brandi,32,26,0,0,20,0
2025-08-01,zigzag,24,19,0,0,20,0
2025-08-01,ably,20,15,0,0,20,0
2025-08-02,brandi,32,22,0,0,20,0
2025-08-02,zigzag,23,17,0,0,20,0
2025-08-02,ably,17,11,0,0,20,0
2025-08-03,brandi,41,27,0,0,20,0
2025-08-03,zigzag,34,23,0,0,20,0
2025-08-03,ably,25,16,0,0,20,0
2025-08-04,brandi,58,39,0,0,20,0
2025-08-04,zigzag,46,30,0,0,20,0
2025-08-04,ably,33,22,0,0,20,0
2025-08-05,brandi,54,36,0,0,19,0
2025-08-05,zigzag,38,25,0,0,19,0
2025-08-05,ably,26,17,0,0,19,0
2025-08-06,brandi,41,29,0,0,19,0
2025-08-06,zigzag,36,25,0,0,19,0
2025-08-06,ably,24,17,0,0,19,0
2025-08-07,brandi,33,21,0,0,19,0
2025-08-07,zigzag,37,27,0,0,19,0
2025-08-07,ably,23,15,0,0,19,0
2025-08-08,brandi,29,19,0,0,18,0
2025-08-08,zigzag,29,18,0,0,18,0
2025-08-08,ably,19,15,0,0,18,0
2025-08-09,brandi,28,19,0,0,18,0
2025-08-09,zigzag,26,17,0,0,18,0
2025-08-09,ably,16,10,0,0,18,0
2025-08-10,brandi,37,24,0,0,18,0
2025-08-10,zigzag,36,25,0,0,18,0
2025-08-10,ably,23,16,0,0,18,0
2025-08-11,brandi,45,36,0,0,18,0
2025-08-11,zigzag,39,25,0,0,18,0
2025-08-11,ably,28,22,0,0,18,0
2025-08-12,brandi,41,28,0,0,19,0
2025-08-12,zigzag,35,23,0,0,19,0
2025-08-12,ably,28,20,0,0,19,0
2025-08-13,brandi,33,26,0,0,18,0
2025-08-13,zigzag,35,27,0,0,18,0
2025-08-13,ably,23,15,0,0,18,0
2025-08-14,brandi,34,24,0,0,17,0
2025-08-14,zigzag,27,22,0,0,17,0
2025-08-14,ably,23,15,0,0,17,0
2025-08-15,brandi,33,25,0,0,18,0
2025-08-15,zigzag,28,18,0,0,18,0
2025-08-15,ably,17,13,0,0,18,0
2025-08-16,brandi,31,24,0,0,18,0
2025-08-16,zigzag,26,21,0,0,18,0
2025-08-16,ably,16,11,0,0,18,0
2025-08-17,brandi,36,26,0,0,17,0
2025-08-17,zigzag,33,22,0,0,17,0
2025-08-17,ably,24,17,0,0,17,0
2025-08-18,brandi,50,37,0,0,19,0
2025-08-18,zigzag,44,34,0,0,19,0
2025-08-18,ably,34,26,0,0,19,0
2025-08-19,brandi,49,31,0,0,19,0
2025-08-19,zigzag,31,24,0,0,19,0
2025-08-19,ably,27,17,0,0,19,0
2025-08-20,brandi,41,31,0,0,20,0
2025-08-20,zigzag,31,25,0,0,20,0
2025-08-20,ably,26,20,0,0,20,0
2025-08-21,brandi,42,34,0,0,20,0
2025-08-21,zigzag,31,20,0,0,20,0
2025-08-21,ably,25,18,0,0,20,0
2025-08-22,brandi,32,24,0,0,19,0
2025-08-22,zigzag,28,19,0,0,19,0
2025-08-22,ably,24,17,0,0,19,0
2025-08-23,brandi,31,20,0,0,18,0
2025-08-23,zigzag,29,18,0,0,18,0
2025-08-23,ably,17,12,0,0,18,0
2025-08-24,brandi,49,32,0,0,18,0
2025-08-24,zigzag,39,26,0,0,18,0
2025-08-24,ably,26,19,0,0,18,0
2025-08-25,brandi,58,39,0,0,18,0
2025-08-25,zigzag,44,36,0,0,18,0
2025-08-25,ably,38,25,0,0,18,0
2025-08-26,brandi,48,30,0,0,18,0
2025-08-26,zigzag,43,35,0,0,18,0
2025-08-26,ably,30,20,0,0,18,0
2025-08-27,brandi,43,27,0,0,18,0
2025-08-27,zigzag,42,33,0,0,18,0
2025-08-27,ably,29,21,0,0,18,0
2025-08-28,brandi,43,27,0,0,18,0
2025-08-28,zigzag,35,22,0,0,18,0
2025-08-28,ably,26,21,0,0,18,0
2025-08-29,brandi,35,26,0,0,18,0
2025-08-29,zigzag,37,25,0,0,18,0
2025-08-29,ably,20,16,0,0,18,0
2025-08-30,brandi,37,28,0,0,19,0
2025-08-30,zigzag,33,27,0,0,19,0
2025-08-30,ably,20,16,0,0,19,0
2025-08-31,brandi,50,35,0,0,18,0
2025-08-31,zigzag,40,27,0,0,18,0
2025-08-31,ably,28,19,0,0,18,0
2025-09-01,brandi,56,37,0,0,18,0
2025-09-01,zigzag,48,35,0,0,18,0
2025-09-01,ably,34,26,0,0,18,0
2025-09-02,brandi,51,42,0,0,18,0
2025-09-02,zigzag,48,37,0,0,18,0
2025-09-02,ably,31,23,0,0,18,0
2025-09-03,brandi,42,33,0,0,19,0
2025-09-03,zigzag,43,36,0,0,19,0
2025-09-03,ably,31,25,0,0,19,0
2025-09-04,brandi,44,30,0,0,19,0
2025-09-04,zigzag,39,27,0,0,19,0
2025-09-04,ably,26,17,0,0,19,0
2025-09-05,brandi,35,23,0,0,19,0
2025-09-05,zigzag,31,22,0,0,19,0
2025-09-05,ably,21,17,0,0,19,0
2025-09-06,brandi,36,25,0,0,19,0
2025-09-06,zigzag,31,25,0,0,19,0
2025-09-06,ably,21,15,0,0,19,0
2025-09-07,brandi,36,27,0,0,19,0
2025-09-07,zigzag,36,26,0,0,19,0
2025-09-07,ably,31,24,0,0,19,0
2025-09-08,brandi,57,39,0,0,19,0
2025-09-08,zigzag,54,35,0,0,19,0
2025-09-08,ably,34,23,0,0,19,0
2025-09-09,brandi,60,41,0,0,20,0
2025-09-09,zigzag,46,33,0,0,20,0
2025-09-09,ably,34,28,0,0,20,0
2025-09-10,brandi,59,40,0,0,20,0
2025-09-10,zigzag,48,34,0,0,20,0
2025-09-10,ably,30,23,0,0,20,0
2025-09-11,brandi,42,32,0,0,20,0
2025-09-11,zigzag,37,24,0,0,20,0
2025-09-11,ably,29,20,0,0,20,0
2025-09-12,brandi,39,28,0,0,20,0
2025-09-12,zigzag,33,23,0,0,20,0
2025-09-12,ably,27,20,0,0,20,0
2025-09-13,brandi,36,26,0,0,19,0
2025-09-13,zigzag,38,29,0,0,19,0
2025-09-13,ably,23,17,0,0,19,0
2025-09-14,brandi,53,36,0,0,19,0
2025-09-14,zigzag,41,34,0,0,19,0
2025-09-14,ably,31,20,0,0,19,0
2025-09-15,brandi,56,43,0,0,18,0
2025-09-15,zigzag,49,33,0,0,18,0
2025-09-15,ably,39,27,0,0,18,0
2025-09-16,brandi,56,38,0,0,18,0
2025-09-16,zigzag,45,31,0,0,18,0
2025-09-16,ably,29,18,0,0,18,0
2025-09-17,brandi,42,30,0,0,18,0
2025-09-17,zigzag,36,24,0,0,18,0
2025-09-17,ably,25,17,0,0,18,0
2025-09-18,brandi,42,32,0,0,18,0
2025-09-18,zigzag,40,30,0,0,18,0
2025-09-18,ably,26,19,0,0,18,0
2025-09-19,brandi,30,23,0,0,18,0
2025-09-19,zigzag,31,23,0,0,18,0
2025-09-19,ably,23,17,0,0,18,0
2025-09-20,brandi,40,28,0,0,18,0
2025-09-20,zigzag,26,20,0,0,18,0
2025-09-20,ably,20,13,0,0,18,0
2025-09-21,brandi,49,36,0,0,18,0
2025-09-21,zigzag,38,26,0,0,18,0
2025-09-21,ably,28,23,0,0,18,0
2025-09-22,brandi,56,40,0,0,18,0
2025-09-22,zigzag,50,41,0,0,18,0
2025-09-22,ably,37,25,0,0,18,0
2025-09-23,brandi,46,34,0,0,20,0
2025-09-23,zigzag,46,29,0,0,20,0
2025-09-23,ably,27,20,0,0,20,0
2025-09-24,brandi,45,32,0,0,19,0
2025-09-24,zigzag,39,30,0,0,19,0
2025-09-24,ably,26,18,0,0,19,0
2025-09-25,brandi,39,28,0,0,18,0
2025-09-25,zigzag,33,24,0,0,18,0
2025-09-25,ably,23,18,0,0,18,0
2025-09-26,brandi,34,27,0,0,18,0
2025-09-26,zigzag,28,22,0,0,18,0
2025-09-26,ably,23,14,0,0,18,0
2025-09-27,brandi,30,22,0,0,18,0
2025-09-27,zigzag,31,26,0,0,18,0
2025-09-27,ably,19,12,0,0,18,0
2025-09-28,brandi,40,33,0,0,18,0
2025-09-28,zigzag,35,26,0,0,18,0
2025-09-28,ably,29,20,0,0,18,0
2025-09-29,brandi,58,37,0,0,19,0
2025-09-29,zigzag,49,33,0,0,19,0
2025-09-29,ably,37,27,0,0,19,0
2025-09-30,brandi,42,26,0,0,19,0
2025-09-30,zigzag,43,35,0,0,19,0
2025-09-30,ably,36,23,0,0,19,0
2025-10-01,brandi,46,30,0,0,19,0
2025-10-01,zigzag,40,25,1,1,19,0
2025-10-01,ably,29,22,0,0,19,0
2025-10-02,brandi,44,35,0,0,19,0
2025-10-02,zigzag,32,22,1,2,19,0
2025-10-02,ably,22,16,0,0,19,0
2025-10-03,brandi,37,26,0,0,19,0
2025-10-03,zigzag,33,21,1,3,19,0
2025-10-03,ably,25,17,0,0,19,0
2025-10-04,brandi,33,25,0,0,18,0
2025-10-04,zigzag,30,22,1,4,18,0
2025-10-04,ably,19,15,0,0,18,0
2025-10-05,brandi,35,27,0,0,19,0
2025-10-05,zigzag,46,37,1,5,19,0
2025-10-05,ably,27,18,0,0,19,0
2025-10-06,brandi,56,38,0,0,19,0
2025-10-06,zigzag,57,40,1,6,19,0
2025-10-06,ably,40,30,0,0,19,0
2025-10-07,brandi,50,34,0,0,19,0
2025-10-07,zigzag,41,27,1,7,19,0
2025-10-07,ably,33,21,0,0,19,0
2025-10-08,brandi,48,34,0,0,19,0
2025-10-08,zigzag,46,30,1,8,19,0
2025-10-08,ably,31,22,0,0,19,0
2025-10-09,brandi,37,27,0,0,19,0
2025-10-09,zigzag,51,33,1,9,19,0
2025-10-09,ably,24,18,0,0,19,0
2025-10-10,brandi,38,28,0,0,19,0
2025-10-10,zigzag,35,26,1,10,19,0
2025-10-10,ably,21,15,0,0,19,0
2025-10-11,brandi,38,27,0,0,20,0
2025-10-11,zigzag,45,31,1,11,20,0
2025-10-11,ably,22,16,0,0,20,0
2025-10-12,brandi,42,33,0,0,19,0
2025-10-12,zigzag,56,36,1,12,19,0
2025-10-12,ably,29,22,0,0,19,0
2025-10-13,brandi,52,33,0,0,18,0
2025-10-13,zigzag,42,33,1,13,18,0
2025-10-13,ably,31,22,0,0,18,0
2025-10-14,brandi,48,34,0,0,18,0
2025-10-14,zigzag,49,32,1,14,18,0
2025-10-14,ably,25,20,0,0,18,0
2025-10-15,brandi,38,24,0,0,18,0
2025-10-15,zigzag,42,30,1,15,18,0
2025-10-15,ably,25,17,0,0,18,0
2025-10-16,brandi,33,24,0,0,18,0
2025-10-16,zigzag,42,35,1,16,18,0
2025-10-16,ably,22,16,0,0,18,0
2025-10-17,brandi,35,27,0,0,18,0
2025-10-17,zigzag,45,34,1,17,18,0
2025-10-17,ably,20,14,0,0,18,0
2025-10-18,brandi,29,21,0,0,18,0
2025-10-18,zigzag,52,42,1,18,18,0
2025-10-18,ably,18,15,0,0,18,0
2025-10-19,brandi,34,27,0,0,17,0
2025-10-19,zigzag,58,45,1,19,17,0
2025-10-19,ably,22,15,0,0,17,0
2025-10-20,brandi,43,34,0,0,16,0
2025-10-20,zigzag,44,28,1,20,16,0
2025-10-20,ably,32,25,0,0,16,0
2025-10-21,brandi,36,29,0,0,16,0
2025-10-21,zigzag,45,29,1,21,16,0
2025-10-21,ably,25,19,0,0,16,0
2025-10-22,brandi,38,28,0,0,16,0
2025-10-22,zigzag,42,27,1,22,16,0
2025-10-22,ably,21,13,0,0,16,0
2025-10-23,brandi,31,21,0,0,17,0
2025-10-23,zigzag,45,37,1,23,17,0
2025-10-23,ably,23,16,0,0,17,0
2025-10-24,brandi,25,16,0,0,17,0
2025-10-24,zigzag,44,28,1,24,17,0
2025-10-24,ably,21,17,0,0,17,0
2025-10-25,brandi,29,21,0,0,18,0
2025-10-25,zigzag,57,43,1,25,18,0
2025-10-25,ably,17,14,0,0,18,0
2025-10-26,brandi,37,25,0,0,17,0
2025-10-26,zigzag,58,44,1,26,17,0
2025-10-26,ably,19,14,0,0,17,0
2025-10-27,brandi,52,42,0,0,16,0
2025-10-27,zigzag,41,29,1,27,16,0
2025-10-27,ably,29,23,0,0,16,0
2025-10-28,brandi,39,28,0,0,17,0
2025-10-28,zigzag,42,33,1,28,17,0
2025-10-28,ably,27,17,0,0,17,0
2025-10-29,brandi,39,31,0,0,17,0
2025-10-29,zigzag,48,34,1,29,17,0
2025-10-29,ably,27,21,0,0,17,0
2025-10-30,brandi,39,32,0,0,17,0
2025-10-30,zigzag,50,39,1,30,17,0
2025-10-30,ably,27,22,0,0,17,0
2025-10-31,brandi,31,25,0,0,18,0
2025-10-31,zigzag,48,34,1,31,18,0
2025-10-31,ably,23,16,0,0,18,0
2025-11-01,brandi,35,28,0,0,17,0
2025-11-01,zigzag,54,39,1,32,17,0
2025-11-01,ably,19,13,0,0,17,0
2025-11-02,brandi,46,36,0,0,18,0
2025-11-02,zigzag,76,56,1,33,18,0
2025-11-02,ably,26,21,0,0,18,0
2025-11-03,brandi,54,42,0,0,18,0
2025-11-03,zigzag,49,35,1,34,18,0
2025-11-03,ably,35,22,0,0,18,0
2025-11-04,brandi,49,31,0,0,18,0
2025-11-04,zigzag,54,34,1,35,18,0
2025-11-04,ably,32,23,0,0,18,0
2025-11-05,brandi,44,36,0,0,18,0
2025-11-05,zigzag,55,41,1,36,18,0
2025-11-05,ably,37,29,0,0,18,0
2025-11-06,brandi,37,31,0,0,17,0
2025-11-06,zigzag,58,47,1,37,17,0
2025-11-06,ably,25,18,0,0,17,0
2025-11-07,brandi,41,31,0,0,17,0
2025-11-07,zigzag,55,43,1,38,17,0
2025-11-07,ably,26,17,0,0,17,0
2025-11-08,brandi,41,31,0,0,18,0
2025-11-08,zigzag,71,46,1,39,18,0
2025-11-08,ably,26,20,0,0,18,0
2025-11-09,brandi,39,28,0,0,18,0
2025-11-09,zigzag,96,75,1,40,18,0
2025-11-09,ably,31,22,0,0,18,0
2025-11-10,brandi,69,55,0,0,19,0
2025-11-10,zigzag,52,41,1,41,19,0
2025-11-10,ably,37,26,0,0,19,0
2025-11-11,brandi,57,44,0,0,19,0
2025-11-11,zigzag,61,48,1,42,19,0
2025-11-11,ably,36,23,0,0,19,0
2025-11-12,brandi,56,46,0,0,19,0
2025-11-12,zigzag,51,36,1,43,19,0
2025-11-12,ably,35,25,0,0,19,0
2025-11-13,brandi,47,36,0,0,19,0
2025-11-13,zigzag,61,44,1,44,19,0
2025-11-13,ably,26,21,0,0,19,0
2025-11-14,brandi,44,30,0,0,19,0
2025-11-14,zigzag,49,38,1,45,19,0
2025-11-14,ably,28,22,0,0,19,0
2025-11-15,brandi,35,26,0,0,19,0
2025-11-15,zigzag,75,48,1,46,19,0
2025-11-15,ably,24,16,0,0,19,0
2025-11-16,brandi,55,35,0,0,19,0
2025-11-16,zigzag,88,60,1,47,19,0
2025-11-16,ably,29,20,0,0,19,0
2025-11-17,brandi,62,45,0,0,19,0
2025-11-17,zigzag,65,42,1,48,19,0
2025-11-17,ably,42,30,0,0,19,0
2025-11-18,brandi,99,74,0,0,19,1
2025-11-18,zigzag,107,73,1,49,19,1
2025-11-18,ably,56,39,0,0,19,1
2025-11-19,brandi,94,75,0,0,19,1
2025-11-19,zigzag,89,66,1,50,19,1
2025-11-19,ably,60,45,0,0,19,1
2025-11-20,brandi,82,53,0,0,20,1
2025-11-20,zigzag,130,96,1,51,20,1
2025-11-20,ably,47,31,0,0,20,1
2025-11-21,brandi,71,52,0,0,20,1
2025-11-21,zigzag,117,78,1,52,20,1
2025-11-21,ably,49,39,0,0,20,1
2025-11-22,brandi,63,40,0,0,20,1
2025-11-22,zigzag,127,91,1,53,20,1
2025-11-22,ably,42,32,0,0,20,1
2025-11-23,brandi,85,66,0,0,20,1
2025-11-23,zigzag,140,107,1,54,20,1
2025-11-23,ably,52,39,0,0,20,1
2025-11-24,brandi,95,64,0,0,20,1
2025-11-24,zigzag,99,63,1,55,20,1
2025-11-24,ably,70,48,0,0,20,1
2025-11-25,brandi,93,66,0,0,20,1
2025-11-25,zigzag,89,65,1,56,20,1
2025-11-25,ably,64,42,0,0,20,1
2025-11-26,brandi,87,56,0,0,20,1
2025-11-26,zigzag,90,68,1,57,20,1
2025-11-26,ably,52,33,0,0,20,1
2025-11-27,brandi,66,49,0,0,20,1
2025-11-27,zigzag,91,60,1,58,20,1
2025-11-27,ably,45,28,0,0,20,1
2025-11-28,brandi,72,49,0,0,20,1
2025-11-28,zigzag,88,70,1,59,20,1
2025-11-28,ably,43,30,0,0,20,1
2025-11-29,brandi,57,46,0,0,19,1
2025-11-29,zigzag,114,75,1,60,19,1
2025-11-29,ably,37,28,0,0,19,1
2025-11-30,brandi,80,54,0,0,20,1
2025-11-30,zigzag,127,81,1,61,20,1
2025-11-30,ably,41,32,0,0,20,1
2025-12-01,brandi,86,63,0,0,19,1
2025-12-01,zigzag,83,57,1,62,19,1
2025-12-01,ably,54,39,0,0,19,1
2025-12-02,brandi,48,38,0,0,19,0
2025-12-02,zigzag,48,40,1,63,19,0
2025-12-02,ably,35,26,0,0,19,0
2025-12-03,brandi,36,25,0,0,18,0
2025-12-03,zigzag,48,34,1,64,18,0
2025-12-03,ably,24,19,0,0,18,0
2025-12-04,brandi,36,26,0,0,18,0
2025-12-04,zigzag,50,37,1,65,18,0
2025-12-04,ably,19,15,0,0,18,0
2025-12-05,brandi,34,23,0,0,18,0
2025-12-05,zigzag,54,41,1,66,18,0
2025-12-05,ably,20,14,0,0,18,0
2025-12-06,brandi,31,20,0,0,17,0
2025-12-06,zigzag,61,43,1,67,17,0
2025-12-06,ably,19,13,0,0,17,0
2025-12-07,brandi,36,29,0,0,17,0
2025-12-07,zigzag,55,43,1,68,17,0
2025-12-07,ably,25,20,0,0,17,0
2025-12-08,brandi,48,32,0,0,17,0
2025-12-08,zigzag,40,26,1,69,17,0
2025-12-08,ably,30,24,0,0,17,0
2025-12-09,brandi,40,31,0,0,17,0
2025-12-09,zigzag,43,32,1,70,17,0
2025-12-09,ably,27,19,0,0,17,0
2025-12-10,brandi,33,23,0,0,18,0
2025-12-10,zigzag,46,31,1,71,18,0
2025-12-10,ably,21,13,0,0,18,0
2025-12-11,brandi,31,24,0,0,17,0
2025-12-11,zigzag,50,34,1,72,17,0
2025-12-11,ably,22,15,0,0,17,0
2025-12-12,brandi,29,22,0,0,17,0
2025-12-12,zigzag,37,24,1,73,17,0
2025-12-12,ably,17,14,0,0,17,0
2025-12-13,brandi,26,18,0,0,16,0
2025-12-13,zigzag,49,33,1,74,16,0
2025-12-13,ably,16,10,0,0,16,0
2025-12-14,brandi,32,23,0,0,16,0
2025-12-14,zigzag,57,43,1,75,16,0
2025-12-14,ably,18,12,0,0,16,0
2025-12-15,brandi,40,27,0,0,16,0
2025-12-15,zigzag,41,29,1,76,16,0
2025-12-15,ably,24,16,0,0,16,0
2025-12-16,brandi,36,28,0,0,17,0
2025-12-16,zigzag,37,26,1,77,17,0
2025-12-16,ably,23,15,0,0,17,0
2025-12-17,brandi,32,24,0,0,18,0
2025-12-17,zigzag,42,30,1,78,18,0
2025-12-17,ably,22,14,0,0,18,0
2025-12-18,brandi,27,18,0,0,18,0
2025-12-18,zigzag,41,26,1,79,18,0
2025-12-18,ably,17,13,0,0,18,0
2025-12-19,brandi,25,16,0,0,18,0
2025-12-19,zigzag,38,30,1,80,18,0
2025-12-19,ably,16,11,0,0,18,0
2025-12-20,brandi,27,19,0,0,18,0
2025-12-20,zigzag,44,29,1,81,18,0
2025-12-20,ably,15,10,0,0,18,0
2025-12-21,brandi,30,20,0,0,18,0
2025-12-21,zigzag,55,38,1,82,18,0
2025-12-21,ably,22,16,0,0,18,0
2025-12-22,brandi,45,32,0,0,18,0
2025-12-22,zigzag,44,31,1,83,18,0
2025-12-22,ably,32,26,0,0,18,0
2025-12-23,brandi,35,25,0,0,19,0
2025-12-23,zigzag,41,27,1,84,19,0
2025-12-23,ably,21,14,0,0,19,0
2025-12-24,brandi,32,21,0,0,20,0
2025-12-24,zigzag,37,27,1,85,20,0
2025-12-24,ably,20,14,0,0,20,0
2025-12-25,brandi,28,23,0,0,20,0
2025-12-25,zigzag,40,30,1,86,20,0
2025-12-25,ably,17,12,0,0,20,0
2025-12-26,brandi,29,22,0,0,20,0
2025-12-26,zigzag,36,30,1,87,20,0
2025-12-26,ably,21,14,0,0,20,0
2025-12-27,brandi,24,17,0,0,19,0
2025-12-27,zigzag,47,34,1,88,19,0
2025-12-27,ably,14,11,0,0,19,0
2025-12-28,brandi,35,25,0,0,18,0
2025-12-28,zigzag,60,44,1,89,18,0
2025-12-28,ably,20,14,0,0,18,0
2025-12-29,brandi,37,26,0,0,19,0
2025-12-29,zigzag,38,32,1,90,19,0
2025-12-29,ably,23,15,0,0,19,0
2025-12-30,brandi,40,33,0,0,19,0
2025-12-30,zigzag,41,30,1,91,19,0
2025-12-30,ably,22,17,0,0,19,0
2025-12-31,brandi,27,19,0,0,19,0
2025-12-31,zigzag,34,26,1,92,19,0
2025-12-31,ably,21,14,0,0,19,0
2026-01-01,brandi,32,24,0,0,18,0
2026-01-01,zigzag,41,28,1,93,18,0
2026-01-01,ably,16,12,0,0,18,0
2026-01-02,brandi,26,22,0,0,17,0
2026-01-02,zigzag,38,28,1,94,17,0
2026-01-02,ably,14,10,0,0,17,0
2026-01-03,brandi,24,17,0,0,17,0
2026-01-03,zigzag,45,28,1,95,17,0
2026-01-03,ably,14,9,0,0,17,0
2026-01-04,brandi,26,16,0,0,17,0
2026-01-04,zigzag,53,40,1,96,17,0
2026-01-04,ably,19,13,0,0,17,0
2026-01-05,brandi,40,28,0,0,17,0
2026-01-05,zigzag,35,24,1,97,17,0
2026-01-05,ably,24,15,0,0,17,0
2026-01-06,brandi,35,24,0,0,18,0
2026-01-06,zigzag,40,26,1,98,18,0
2026-01-06,ably,22,15,0,0,18,0
2026-01-07,brandi,31,25,0,0,18,0
2026-01-07,zigzag,37,25,1,99,18,0
2026-01-07,ably,17,12,0,0,18,0
2026-01-08,brandi,30,19,0,0,18,0
2026-01-08,zigzag,38,25,1,100,18,0
2026-01-08,ably,18,14,0,0,18,0
2026-01-09,brandi,28,22,0,0,18,0
2026-01-09,zigzag,31,25,1,101,18,0
2026-01-09,ably,14,10,0,0,18,0
2026-01-10,brandi,24,19,0,0,17,0
2026-01-10,zigzag,45,30,1,102,17,0
2026-01-10,ably,15,11,0,0,17,0
2026-01-11,brandi,29,19,0,0,17,0
2026-01-11,zigzag,57,43,1,103,17,0
2026-01-11,ably,20,14,0,0,17,0
2026-01-12,brandi,42,34,0,0,18,0
2026-01-12,zigzag,35,23,1,104,18,0
2026-01-12,ably,21,17,0,0,18,0
2026-01-13,brandi,38,31,0,0,18,0
2026-01-13,zigzag,42,33,1,105,18,0
2026-01-13,ably,23,15,0,0,18,0
2026-01-14,brandi,31,25,0,0,18,0
2026-01-14,zigzag,39,27,1,106,18,0
2026-01-14,ably,22,15,0,0,18,0
2026-01-15,brandi,34,23,0,0,17,0
2026-01-15,zigzag,37,29,1,107,17,0
2026-01-15,ably,18,15,0,0,17,0
2026-01-16,brandi,29,21,0,0,17,0
2026-01-16,zigzag,38,30,1,108,17,0
2026-01-16,ably,15,10,0,0,17,0
2026-01-17,brandi,27,20,0,0,18,0
2026-01-17,zigzag,51,37,1,109,18,0
2026-01-17,ably,16,13,0,0,18,0
2026-01-18,brandi,33,23,0,0,17,0
2026-01-18,zigzag,57,45,1,110,17,0
2026-01-18,ably,23,16,0,0,17,0
2026-01-19,brandi,40,33,0,0,16,0
2026-01-19,zigzag,37,23,1,111,16,0
2026-01-19,ably,27,18,0,0,16,0
2026-01-20,brandi,41,32,0,0,17,0
2026-01-20,zigzag,37,31,1,112,17,0
2026-01-20,ably,22,16,0,0,17,0
2026-01-21,brandi,30,24,0,0,18,0
2026-01-21,zigzag,41,32,1,113,18,0
2026-01-21,ably,20,13,0,0,18,0
2026-01-22,brandi,32,22,0,0,18,0
2026-01-22,zigzag,46,36,1,114,18,0
2026-01-22,ably,20,14,0,0,18,0
2026-01-23,brandi,30,23,0,0,17,0
2026-01-23,zigzag,41,26,1,115,17,0
2026-01-23,ably,19,16,0,0,17,0
2026-01-24,brandi,29,19,0,0,17,0
2026-01-24,zigzag,50,33,1,116,17,0
2026-01-24,ably,17,14,0,0,17,0
2026-01-25,brandi,40,32,0,0,18,0
2026-01-25,zigzag,67,49,1,117,18,0
2026-01-25,ably,20,13,0,0,18,0
2026-01-26,brandi,52,37,0,0,18,0
2026-01-26,zigzag,41,28,1,118,18,0
2026-01-26,ably,34,22,0,0,18,0
2026-01-27,brandi,48,31,0,0,18,0
2026-01-27,zigzag,48,35,1,119,18,0
2026-01-27,ably,28,20,0,0,18,0
2026-01-28,brandi,39,26,0,0,18,0
2026-01-28,zigzag,48,37,1,120,18,0
2026-01-28,ably,24,16,0,0,18,0
2026-01-29,brandi,37,31,0,0,19,0
2026-01-29,zigzag,51,40,1,121,19,0
2026-01-29,ably,22,14,0,0,19,0
2026-01-30,brandi,31,23,0,0,19,0
2026-01-30,zigzag,42,33,1,122,19,0
2026-01-30,ably,19,15,0,0,19,0
2026-01-31,brandi,27,19,0,0,19,0
2026-01-31,zigzag,62,40,1,123,19,0
2026-01-31,ably,22,18,0,0,19,0
2026-02-01,brandi,44,36,0,0,19,0
2026-02-01,zigzag,62,45,1,124,19,0
2026-02-01,ably,26,16,0,0,19,0
2026-02-02,brandi,59,45,0,0,20,0
2026-02-02,zigzag,46,29,1,125,20,0
2026-02-02,ably,33,21,0,0,20,0
2026-02-03,brandi,40,30,0,0,20,0
2026-02-03,zigzag,52,34,1,126,20,0
2026-02-03,ably,27,18,0,0,20,0
2026-02-04,brandi,44,31,0,0,20,0
2026-02-04,zigzag,43,31,1,127,20,0
2026-02-04,ably,28,18,0,0,20,0
2026-02-05,brandi,43,28,0,0,20,0
2026-02-05,zigzag,49,33,1,128,20,0
2026-02-05,ably,22,14,0,0,20,0
2026-02-06,brandi,29,21,0,0,20,0
2026-02-06,zigzag,48,32,1,129,20,0
2026-02-06,ably,21,14,0,0,20,0
2026-02-07,brandi,29,23,0,0,20,0
2026-02-07,zigzag,64,53,1,130,20,0
2026-02-07,ably,20,15,0,0,20,0
2026-02-08,brandi,38,25,0,0,20,0
2026-02-08,zigzag,71,54,1,131,20,0
2026-02-08,ably,28,19,0,0,20,0
2026-02-09,brandi,57,47,0,0,20,0
2026-02-09,zigzag,49,37,1,132,20,0
2026-02-09,ably,36,25,0,0,20,0
2026-02-10,brandi,43,34,0,0,20,0
2026-02-10,zigzag,51,33,1,133,20,0
2026-02-10,ably,30,24,0,0,20,0
2026-02-11,brandi,41,26,0,0,19,0
2026-02-11,zigzag,49,38,1,134,19,0
2026-02-11,ably,25,16,0,0,19,0
2026-02-12,brandi,39,27,0,0,19,0
2026-02-12,zigzag,52,42,1,135,19,0
2026-02-12,ably,19,15,0,0,19,0
2026-02-13,brandi,36,29,0,0,19,0
2026-02-13,zigzag,37,26,1,136,19,0
2026-02-13,ably,20,13,0,0,19,0
2026-02-14,brandi,33,24,0,0,19,0
2026-02-14,zigzag,56,41,1,137,19,0
2026-02-14,ably,17,12,0,0,19,0
2026-02-15,brandi,36,25,0,0,19,0
2026-02-15,zigzag,75,51,1,138,19,0
2026-02-15,ably,21,15,0,0,19,0
2026-02-16,brandi,56,38,0,0,19,0
2026-02-16,zigzag,46,29,1,139,19,0
2026-02-16,ably,29,22,0,0,19,0
2026-02-17,brandi,44,37,0,0,19,0
2026-02-17,zigzag,45,36,1,140,19,0
2026-02-17,ably,31,22,0,0,19,0
2026-02-18,brandi,45,34,0,0,19,0
2026-02-18,zigzag,41,26,1,141,19,0
2026-02-18,ably,25,17,0,0,19,0
2026-02-19,brandi,36,26,0,0,19,0
2026-02-19,zigzag,56,37,1,142,19,0
2026-02-19,ably,21,16,0,0,19,0
2026-02-20,brandi,39,26,0,0,19,0
2026-02-20,zigzag,48,40,1,143,19,0
2026-02-20,ably,20,14,0,0,19,0
2026-02-21,brandi,31,20,0,0,19,0
2026-02-21,zigzag,57,38,1,144,19,0
2026-02-21,ably,18,12,0,0,19,0
2026-02-22,brandi,41,30,0,0,18,0
2026-02-22,zigzag,65,42,1,145,18,0
2026-02-22,ably,21,15,0,0,18,0
2026-02-23,brandi,50,35,0,0,17,0
2026-02-23,zigzag,41,34,1,146,17,0
2026-02-23,ably,31,24,0,0,17,0
2026-02-24,brandi,43,30,0,0,18,0
2026-02-24,zigzag,46,38,1,147,18,0
2026-02-24,ably,34,23,0,0,18,0
2026-02-25,brandi,42,27,0,0,18,0
2026-02-25,zigzag,48,31,1,148,18,0
2026-02-25,ably,23,19,0,0,18,0
2026-02-26,brandi,36,23,0,0,18,0
2026-02-26,zigzag,51,42,1,149,18,0
2026-02-26,ably,22,16,0,0,18,0
2026-02-27,brandi,36,23,0,0,18,0
2026-02-27,zigzag,43,35,1,150,18,0
2026-02-27,ably,21,17,0,0,18,0
2026-02-28,brandi,30,25,0,0,18,0
2026-02-28,zigzag,60,43,1,151,18,0
2026-02-28,ably,19,12,0,0,18,0
2026-03-01,brandi,39,31,0,0,19,0
2026-03-01,zigzag,70,56,1,152,19,0
2026-03-01,ably,24,17,0,0,19,0
2026-03-02,brandi,55,43,0,0,19,0
2026-03-02,zigzag,49,33,1,153,19,0
2026-03-02,ably,33,21,0,0,19,0
2026-03-03,brandi,44,29,0,0,17,0
2026-03-03,zigzag,52,34,1,154,17,0
2026-03-03,ably,28,20,0,0,17,0
2026-03-04,brandi,41,27,0,0,18,0
2026-03-04,zigzag,47,37,1,155,18,0
2026-03-04,ably,30,24,0,0,18,0
2026-03-05,brandi,34,23,0,0,18,0
2026-03-05,zigzag,53,43,1,156,18,0
2026-03-05,ably,20,13,0,0,18,0
2026-03-06,brandi,34,23,0,0,18,0
2026-03-06,zigzag,54,34,1,157,18,0
2026-03-06,ably,22,17,0,0,18,0
2026-03-07,brandi,32,23,0,0,19,0
2026-03-07,zigzag,57,38,1,158,19,0
2026-03-07,ably,20,15,0,0,19,0
2026-03-08,brandi,40,28,0,0,19,0
2026-03-08,zigzag,69,47,1,159,19,0
2026-03-08,ably,25,16,0,0,19,0
2026-03-09,brandi,56,37,0,0,19,0
2026-03-09,zigzag,46,37,1,160,19,0
2026-03-09,ably,32,23,0,0,19,0
2026-03-10,brandi,44,31,0,0,19,0
2026-03-10,zigzag,54,43,1,161,19,0
2026-03-10,ably,32,23,0,0,19,0
2026-03-11,brandi,46,35,0,0,19,0
2026-03-11,zigzag,54,43,1,162,19,0
2026-03-11,ably,28,20,0,0,19,0
2026-03-12,brandi,42,33,0,0,19,0
2026-03-12,zigzag,55,38,1,163,19,0
2026-03-12,ably,25,20,0,0,19,0
2026-03-13,brandi,35,23,0,0,20,0
2026-03-13,zigzag,62,49,1,164,20,0
2026-03-13,ably,22,14,0,0,20,0
2026-03-14,brandi,32,26,0,0,20,0
2026-03-14,zigzag,67,48,1,165,20,0
2026-03-14,ably,22,17,0,0,20,0
2026-03-15,brandi,38,29,0,0,19,0
2026-03-15,zigzag,83,60,1,166,19,0
2026-03-15,ably,27,18,0,0,19,0
2026-03-16,brandi,51,33,0,0,18,0
2026-03-16,zigzag,55,42,1,167,18,0
2026-03-16,ably,37,29,0,0,18,0
2026-03-17,brandi,44,30,0,0,18,0
2026-03-17,zigzag,61,43,1,168,18,0
2026-03-17,ably,32,25,0,0,18,0
2026-03-18,brandi,44,29,0,0,18,0
2026-03-18,zigzag,57,40,1,169,18,0
2026-03-18,ably,28,19,0,0,18,0
2026-03-19,brandi,40,30,0,0,18,0
2026-03-19,zigzag,50,36,1,170,18,0
2026-03-19,ably,26,20,0,0,18,0
2026-03-20,brandi,37,25,0,0,19,0
2026-03-20,zigzag,50,40,1,171,19,0
2026-03-20,ably,21,14,0,0,19,0
2026-03-21,brandi,32,21,0,0,18,0
2026-03-21,zigzag,60,40,1,172,18,0
2026-03-21,ably,18,15,0,0,18,0
2026-03-22,brandi,37,28,0,0,20,0
2026-03-22,zigzag,77,56,1,173,20,0
2026-03-22,ably,21,15,0,0,20,0
2026-03-23,brandi,56,36,0,0,19,0
2026-03-23,zigzag,48,36,1,174,19,0
2026-03-23,ably,38,25,0,0,19,0
2026-03-24,brandi,48,38,0,0,19,0
2026-03-24,zigzag,56,42,1,175,19,0
2026-03-24,ably,30,25,0,0,19,0
2026-03-25,brandi,46,31,0,0,19,0
2026-03-25,zigzag,55,44,1,176,19,0
2026-03-25,ably,28,21,0,0,19,0
2026-03-26,brandi,46,30,0,0,20,0
2026-03-26,zigzag,51,36,1,177,20,0
2026-03-26,ably,27,22,0,0,20,0
2026-03-27,brandi,41,34,0,0,20,0
2026-03-27,zigzag,56,40,1,178,20,0
2026-03-27,ably,28,21,0,0,20,0
2026-03-28,brandi,34,27,0,0,20,0
2026-03-28,zigzag,61,42,1,179,20,0
2026-03-28,ably,21,16,0,0,20,0
2026-03-29,brandi,47,33,0,0,19,0
2026-03-29,zigzag,83,61,1,180,19,0
2026-03-29,ably,28,22,0,0,19,0
2026-03-30,brandi,53,42,0,0,19,0
2026-03-30,zigzag,56,43,1,181,19,0
2026-03-30,ably,33,27,0,0,19,0
2026-03-31,brandi,56,42,0,0,20,0
2026-03-31,zigzag,70,45,1,182,20,0
2026-03-31,ably,33,22,0,0,20,0
2026-04-01,brandi,49,36,0,0,19,0
2026-04-01,zigzag,50,35,1,183,19,0
2026-04-01,ably,25,18,0,0,19,0
2026-04-02,brandi,39,25,0,0,18,0
2026-04-02,zigzag,49,38,1,184,18,0
2026-04-02,ably,23,17,0,0,18,0
2026-04-03,brandi,42,32,0,0,18,0
2026-04-03,zigzag,52,43,1,185,18,0
2026-04-03,ably,23,17,0,0,18,0
2026-04-04,brandi,34,22,0,0,18,0
2026-04-04,zigzag,64,41,1,186,18,0
2026-04-04,ably,24,19,1,1,18,0
2026-04-05,brandi,44,32,0,0,18,0
2026-04-05,zigzag,82,61,1,187,18,0
2026-04-05,ably,29,21,1,2,18,0
2026-04-06,brandi,58,41,0,0,20,0
2026-04-06,zigzag,48,40,1,188,20,0
2026-04-06,ably,31,20,1,3,20,0
2026-04-07,brandi,52,33,0,0,20,0
2026-04-07,zigzag,57,39,1,189,20,0
2026-04-07,ably,30,20,1,4,20,0
2026-04-08,brandi,49,35,0,0,20,0
2026-04-08,zigzag,55,41,1,190,20,0
2026-04-08,ably,27,21,1,5,20,0
2026-04-09,brandi,41,29,0,0,19,0
2026-04-09,zigzag,60,49,1,191,19,0
2026-04-09,ably,31,20,1,6,19,0
2026-04-10,brandi,36,26,0,0,20,0
2026-04-10,zigzag,57,42,1,192,20,0
2026-04-10,ably,30,23,1,7,20,0
2026-04-11,brandi,40,25,0,0,20,0
2026-04-11,zigzag,71,56,1,193,20,0
2026-04-11,ably,30,24,1,8,20,0
2026-04-12,brandi,46,36,0,0,20,0
2026-04-12,zigzag,90,62,1,194,20,0
2026-04-12,ably,40,25,1,9,20,0
2026-04-13,brandi,68,53,0,0,20,0
2026-04-13,zigzag,59,38,1,195,20,0
2026-04-13,ably,42,32,1,10,20,0
2026-04-14,brandi,57,39,0,0,20,0
2026-04-14,zigzag,65,53,1,196,20,0
2026-04-14,ably,40,29,1,11,20,0
2026-04-15,brandi,48,33,0,0,20,0
2026-04-15,zigzag,50,35,1,197,20,0
2026-04-15,ably,39,30,1,12,20,0
2026-04-16,brandi,47,31,0,0,20,0
2026-04-16,zigzag,53,33,1,198,20,0
2026-04-16,ably,33,24,1,13,20,0
2026-04-17,brandi,43,30,0,0,20,0
2026-04-17,zigzag,56,37,1,199,20,0
2026-04-17,ably,31,24,1,14,20,0
2026-04-18,brandi,42,27,0,0,19,0
2026-04-18,zigzag,64,49,1,200,19,0
2026-04-18,ably,35,23,1,15,19,0
2026-04-19,brandi,47,38,0,0,19,0
2026-04-19,zigzag,86,65,1,201,19,0
2026-04-19,ably,47,33,1,16,19,0
2026-04-20,brandi,64,45,0,0,18,0
2026-04-20,zigzag,55,36,1,202,18,0
2026-04-20,ably,36,23,1,17,18,0
2026-04-21,brandi,51,41,0,0,18,0
2026-04-21,zigzag,57,44,1,203,18,0
2026-04-21,ably,35,26,1,18,18,0
2026-04-22,brandi,49,35,0,0,18,0
2026-04-22,zigzag,57,41,1,204,18,0
2026-04-22,ably,35,23,1,19,18,0
2026-04-23,brandi,43,29,0,0,18,0
2026-04-23,zigzag,53,44,1,205,18,0
2026-04-23,ably,35,25,1,20,18,0
2026-04-24,brandi,38,26,0,0,18,0
2026-04-24,zigzag,55,40,1,206,18,0
2026-04-24,ably,40,32,1,21,18,0
2026-04-25,brandi,34,25,0,0,18,0
2026-04-25,zigzag,69,51,1,207,18,0
2026-04-25,ably,45,35,1,22,18,0
2026-04-26,brandi,45,30,0,0,18,0
2026-04-26,zigzag,96,72,1,208,18,0
2026-04-26,ably,48,33,1,23,18,0
2026-04-27,brandi,60,43,0,0,18,0
2026-04-27,zigzag,50,32,1,209,18,0
2026-04-27,ably,32,26,1,24,18,0
2026-04-28,brandi,52,42,0,0,18,0
2026-04-28,zigzag,59,45,1,210,18,0
2026-04-28,ably,35,26,1,25,18,0
2026-04-29,brandi,52,39,0,0,19,0
2026-04-29,zigzag,52,35,1,211,19,0
2026-04-29,ably,32,25,1,26,19,0
2026-04-30,brandi,52,42,0,0,19,0
2026-04-30,zigzag,57,42,1,212,19,0
2026-04-30,ably,32,21,1,27,19,0
2026-05-01,brandi,35,23,0,0,19,0
2026-05-01,zigzag,49,33,1,213,19,0
2026-05-01,ably,35,25,1,28,19,0
2026-05-02,brandi,34,23,0,0,19,0
2026-05-02,zigzag,66,45,1,214,19,0
2026-05-02,ably,40,31,1,29,19,0
2026-05-03,brandi,47,33,0,0,20,0
2026-05-03,zigzag,73,48,1,215,20,0
2026-05-03,ably,45,34,1,30,20,0
2026-05-04,brandi,59,40,0,0,20,0
2026-05-04,zigzag,55,39,1,216,20,0
2026-05-04,ably,33,24,1,31,20,0
2026-05-05,brandi,48,39,0,0,20,0
2026-05-05,zigzag,58,40,1,217,20,0
2026-05-05,ably,32,21,1,32,20,0
2026-05-06,brandi,44,35,0,0,20,0
2026-05-06,zigzag,48,36,1,218,20,0
2026-05-06,ably,36,30,1,33,20,0
2026-05-07,brandi,43,35,0,0,20,0
2026-05-07,zigzag,57,36,1,219,20,0
2026-05-07,ably,37,26,1,34,20,0
2026-05-08,brandi,45,34,0,0,19,0
2026-05-08,zigzag,44,34,1,220,19,0
2026-05-08,ably,29,18,1,35,19,0
2026-05-09,brandi,32,25,0,0,19,0
2026-05-09,zigzag,59,40,1,221,19,0
2026-05-09,ably,36,27,1,36,19,0
2026-05-10,brandi,41,33,0,0,19,0
2026-05-10,zigzag,67,45,1,222,19,0
2026-05-10,ably,47,39,1,37,19,0
2026-05-11,brandi,54,37,0,0,19,0
2026-05-11,zigzag,50,38,1,223,19,0
2026-05-11,ably,31,21,1,38,19,0
2026-05-12,brandi,48,32,0,0,18,0
2026-05-12,zigzag,48,32,1,224,18,0
2026-05-12,ably,36,30,1,39,18,0
2026-05-13,brandi,41,28,0,0,18,0
2026-05-13,zigzag,39,24,1,225,18,0
2026-05-13,ably,26,20,1,40,18,0
2026-05-14,brandi,31,24,0,0,18,0
2026-05-14,zigzag,47,31,1,226,18,0
2026-05-14,ably,29,23,1,41,18,0
2026-05-15,brandi,30,20,0,0,18,0
2026-05-15,zigzag,52,35,1,227,18,0
2026-05-15,ably,29,24,1,42,18,0
2026-05-16,brandi,31,22,0,0,18,0
2026-05-16,zigzag,51,36,1,228,18,0
2026-05-16,ably,31,23,1,43,18,0
2026-05-17,brandi,36,23,0,0,18,0
2026-05-17,zigzag,65,51,1,229,18,0
2026-05-17,ably,34,25,1,44,18,0
2026-05-18,brandi,46,30,0,0,18,0
2026-05-18,zigzag,42,33,1,230,18,0
2026-05-18,ably,26,17,1,45,18,0
2026-05-19,brandi,38,31,0,0,18,0
2026-05-19,zigzag,42,30,1,231,18,0
2026-05-19,ably,27,22,1,46,18,0
2026-05-20,brandi,37,25,0,0,18,0
2026-05-20,zigzag,44,29,1,232,18,0
2026-05-20,ably,28,18,1,47,18,0
2026-05-21,brandi,31,19,0,0,16,0
2026-05-21,zigzag,41,28,1,233,16,0
2026-05-21,ably,27,18,1,48,16,0
2026-05-22,brandi,30,21,0,0,16,0
2026-05-22,zigzag,39,25,1,234,16,0
2026-05-22,ably,26,18,1,49,16,0
2026-05-23,brandi,29,19,0,0,16,0
2026-05-23,zigzag,55,42,1,235,16,0
2026-05-23,ably,36,26,1,50,16,0
2026-05-24,brandi,31,21,0,0,16,0
2026-05-24,zigzag,59,46,1,236,16,0
2026-05-24,ably,37,29,1,51,16,0
2026-05-25,brandi,43,27,0,0,15,0
2026-05-25,zigzag,37,27,1,237,15,0
2026-05-25,ably,22,17,1,52,15,0
2026-05-26,brandi,39,29,0,0,16,0
2026-05-26,zigzag,39,29,1,238,16,0
2026-05-26,ably,26,18,1,53,16,0
2026-05-27,brandi,33,21,0,0,16,0
2026-05-27,zigzag,36,23,1,239,16,0
2026-05-27,ably,25,17,1,54,16,0
2026-05-28,brandi,32,22,0,0,16,0
2026-05-28,zigzag,44,33,1,240,16,0
2026-05-28,ably,31,20,1,55,16,0
2026-05-29,brandi,29,23,0,0,16,0
2026-05-29,zigzag,41,33,1,241,16,0
2026-05-29,ably,23,14,1,56,16,0
2026-05-30,brandi,24,16,0,0,17,0
2026-05-30,zigzag,57,43,1,242,17,0
2026-05-30,ably,29,20,1,57,17,0
2026-05-31,brandi,31,22,0,0,16,0
2026-05-31,zigzag,59,44,1,243,16,0
2026-05-31,ably,36,27,1,58,16,0
2026-06-01,brandi,41,33,0,0,16,0
2026-06-01,zigzag,39,27,1,244,16,0
2026-06-01,ably,27,20,1,59,16,0
2026-06-02,brandi,36,26,0,0,17,0
2026-06-02,zigzag,37,29,1,245,17,0
2026-06-02,ably,28,18,1,60,17,0
2026-06-03,brandi,37,25,0,0,18,0
2026-06-03,zigzag,38,24,1,246,18,0
2026-06-03,ably,22,18,1,61,18,0
2026-06-04,brandi,31,21,0,0,19,0
2026-06-04,zigzag,43,28,1,247,19,0
2026-06-04,ably,29,22,1,62,19,0
2026-06-05,brandi,28,22,0,0,19,0
2026-06-05,zigzag,42,32,1,248,19,0
2026-06-05,ably,28,21,1,63,19,0
2026-06-06,brandi,24,17,0,0,19,0
2026-06-06,zigzag,59,44,1,249,19,0
2026-06-06,ably,30,23,1,64,19,0
2026-06-07,brandi,38,26,0,0,19,0
2026-06-07,zigzag,67,55,1,250,19,0
2026-06-07,ably,45,34,1,65,19,0
2026-06-08,brandi,52,35,0,0,19,0
2026-06-08,zigzag,37,29,1,251,19,0
2026-06-08,ably,26,20,1,66,19,0
2026-06-09,brandi,44,34,0,0,19,0
2026-06-09,zigzag,47,39,1,252,19,0
2026-06-09,ably,30,22,1,67,19,0
2026-06-10,brandi,43,35,0,0,19,0
2026-06-10,zigzag,48,37,1,253,19,0
2026-06-10,ably,28,18,1,68,19,0
2026-06-11,brandi,31,20,0,0,19,0
2026-06-11,zigzag,46,36,1,254,19,0
2026-06-11,ably,30,23,1,69,19,0
2026-06-12,brandi,29,21,0,0,18,0
2026-06-12,zigzag,47,31,1,255,18,0
2026-06-12,ably,30,20,1,70,18,0
2026-06-13,brandi,30,24,0,0,18,0
2026-06-13,zigzag,43,34,1,256,18,0
2026-06-13,ably,31,23,1,71,18,0
2026-06-14,brandi,43,28,0,0,18,0
2026-06-14,zigzag,63,41,1,257,18,0
2026-06-14,ably,35,28,1,72,18,0
2026-06-15,brandi,80,56,0,0,18,1
2026-06-15,zigzag,66,52,1,258,18,1
2026-06-15,ably,44,30,1,73,18,1
2026-06-16,brandi,64,41,0,0,17,1
2026-06-16,zigzag,70,51,1,259,17,1
2026-06-16,ably,43,35,1,74,17,1
2026-06-17,brandi,61,43,0,0,18,1
2026-06-17,zigzag,78,57,1,260,18,1
2026-06-17,ably,43,28,1,75,18,1
2026-06-18,brandi,46,34,0,0,18,1
2026-06-18,zigzag,71,46,1,261,18,1
2026-06-18,ably,46,35,1,76,18,1
2026-06-19,brandi,51,40,0,0,18,1
2026-06-19,zigzag,63,48,1,262,18,1
2026-06-19,ably,44,36,1,77,18,1
2026-06-20,brandi,47,36,0,0,18,1
2026-06-20,zigzag,101,69,1,263,18,1
2026-06-20,ably,48,38,1,78,18,1
2026-06-21,brandi,53,43,0,0,18,1
2026-06-21,zigzag,96,77,1,264,18,1
2026-06-21,ably,58,47,1,79,18,1
2026-06-22,brandi,45,29,0,0,18,0
2026-06-22,zigzag,35,22,1,265,18,0
2026-06-22,ably,26,21,1,80,18,0
2026-06-23,brandi,43,29,0,0,17,0
2026-06-23,zigzag,43,29,1,266,17,0
2026-06-23,ably,33,21,1,81,17,0
2026-06-24,brandi,38,28,0,0,17,0
2026-06-24,zigzag,47,36,1,267,17,0
2026-06-24,ably,27,20,1,82,17,0
2026-06-25,brandi,36,23,0,0,17,0
2026-06-25,zigzag,45,30,1,268,17,0
2026-06-25,ably,30,22,1,83,17,0
2026-06-26,brandi,29,22,0,0,17,0
2026-06-26,zigzag,43,29,1,269,17,0
2026-06-26,ably,26,17,1,84,17,0
2026-06-27,brandi,26,19,0,0,17,0
2026-06-27,zigzag,52,35,1,270,17,0
2026-06-27,ably,37,27,1,85,17,0
2026-06-28,brandi,34,24,0,0,19,0
2026-06-28,zigzag,64,45,1,271,19,0
2026-06-28,ably,42,28,1,86,19,0
2026-06-29,brandi,50,31,0,0,18,0
2026-06-29,zigzag,41,30,1,272,18,0
2026-06-29,ably,21,16,1,87,18,0
2026-06-30,brandi,43,32,0,0,18,0
2026-06-30,zigzag,37,30,1,273,18,0
2026-06-30,ably,31,24,1,88,18,0
2026-07-01,brandi,39,32,0,0,18,0
2026-07-01,zigzag,47,34,1,274,18,0
2026-07-01,ably,25,20,1,89,18,0
2026-07-02,brandi,31,23,0,0,18,0
2026-07-02,zigzag,47,31,1,275,18,0
2026-07-02,ably,28,22,1,90,18,0
2026-07-03,brandi,30,21,0,0,18,0
2026-07-03,zigzag,45,29,1,276,18,0
2026-07-03,ably,34,24,1,91,18,0
2026-07-04,brandi,32,25,0,0,19,0
2026-07-04,zigzag,62,46,1,277,19,0
2026-07-04,ably,38,26,1,92,19,0
2026-07-05,brandi,43,31,0,0,19,0
2026-07-05,zigzag,67,53,1,278,19,0
2026-07-05,ably,36,26,1,93,19,0
2026-07-06,brandi,49,35,0,0,19,0
2026-07-06,zigzag,48,37,1,279,19,0
2026-07-06,ably,26,18,1,94,19,0
2026-07-07,brandi,44,36,0,0,19,0
2026-07-07,zigzag,45,34,1,280,19,0
2026-07-07,ably,33,22,1,95,19,0
2026-07-08,brandi,43,33,0,0,18,0
2026-07-08,zigzag,48,33,1,281,18,0
2026-07-08,ably,29,21,1,96,18,0
2026-07-09,brandi,37,28,0,0,19,0
2026-07-09,zigzag,49,31,1,282,19,0
2026-07-09,ably,27,20,1,97,19,0
2026-07-10,brandi,28,22,0,0,19,0
2026-07-10,zigzag,47,30,1,283,19,0
2026-07-10,ably,30,20,1,98,19,0
2026-07-11,brandi,34,23,0,0,19,0
2026-07-11,zigzag,66,54,1,284,19,0
2026-07-11,ably,41,33,1,99,19,0
2026-07-12,brandi,37,25,0,0,20,0
2026-07-12,zigzag,69,54,1,285,20,0
2026-07-12,ably,45,35,1,100,20,0
2026-07-13,brandi,64,42,0,0,20,0
2026-07-13,zigzag,53,40,1,286,20,0
2026-07-13,ably,32,26,1,101,20,0
2026-07-14,brandi,45,37,0,0,20,0
2026-07-14,zigzag,47,34,1,287,20,0
2026-07-14,ably,33,23,1,102,20,0
2026-07-15,brandi,39,25,0,0,20,0
2026-07-15,zigzag,47,38,1,288,20,0
2026-07-15,ably,29,23,1,103,20,0
2026-07-16,brandi,43,30,0,0,20,0
2026-07-16,zigzag,49,36,1,289,20,0
2026-07-16,ably,26,19,1,104,20,0
2026-07-17,brandi,34,22,0,0,18,0
2026-07-17,zigzag,44,31,1,290,18,0
2026-07-17,ably,29,21,1,105,18,0
2026-07-18,brandi,31,19,0,0,18,0
2026-07-18,zigzag,57,46,1,291,18,0
2026-07-18,ably,38,24,1,106,18,0
2026-07-19,brandi,34,24,0,0,19,0
2026-07-19,zigzag,66,47,1,292,19,0
2026-07-19,ably,45,29,1,107,19,0
2026-07-20,brandi,48,34,0,0,19,0
2026-07-20,zigzag,40,29,1,293,19,0
2026-07-20,ably,30,23,1,108,19,0
2026-07-21,brandi,48,33,0,0,19,0
2026-07-21,zigzag,47,33,1,294,19,0
2026-07-21,ably,25,19,1,109,19,0
2026-07-22,brandi,43,29,0,0,19,0
2026-07-22,zigzag,40,27,1,295,19,0
2026-07-22,ably,29,21,1,110,19,0
2026-07-23,brandi,34,28,0,0,19,0
2026-07-23,zigzag,44,32,1,296,19,0
2026-07-23,ably,29,24,1,111,19,0
2026-07-24,brandi,32,26,0,0,18,0
2026-07-24,zigzag,44,32,1,297,18,0
2026-07-24,ably,30,24,1,112,18,0
2026-07-25,brandi,30,23,0,0,18,0
2026-07-25,zigzag,63,43,1,298,18,0
2026-07-25,ably,37,28,1,113,18,0
2026-07-26,brandi,37,23,0,0,18,0
2026-07-26,zigzag,65,41,1,299,18,0
2026-07-26,ably,38,26,1,114,18,0
2026-07-27,brandi,54,34,0,0,18,0
2026-07-27,zigzag,46,30,1,300,18,0
2026-07-27,ably,24,18,1,115,18,0
2026-07-28,brandi,44,29,0,0,18,0
2026-07-28,zigzag,47,37,1,301,18,0
2026-07-28,ably,35,24,1,116,18,0
2026-07-29,brandi,37,26,0,0,18,0
2026-07-29,zigzag,43,36,1,302,18,0
2026-07-29,ably,32,24,1,117,18,0
2026-07-30,brandi,42,27,0,0,18,0
2026-07-30,zigzag,47,35,1,303,18,0
2026-07-30,ably,30,24,1,118,18,0
2026-07-31,brandi,35,27,0,0,17,0
2026-07-31,zigzag,39,28,1,304,17,0
2026-07-31,ably,25,16,1,119,17,0
2026-08-01,brandi,31,21,0,0,17,0
2026-08-01,zigzag,67,49,1,305,17,0
2026-08-01,ably,36,28,1,120,17,0
2026-08-02,brandi,40,33,0,0,17,0
2026-08-02,zigzag,77,56,1,306,17,0
2026-08-02,ably,52,34,1,121,17,0
2026-08-03,brandi,49,33,0,0,17,0
2026-08-03,zigzag,47,34,1,307,17,0
2026-08-03,ably,33,23,1,122,17,0
2026-08-04,brandi,40,29,0,0,18,0
2026-08-04,zigzag,53,37,1,308,18,0
2026-08-04,ably,28,20,1,123,18,0
2026-08-05,brandi,41,28,0,0,18,0
2026-08-05,zigzag,46,33,1,309,18,0
2026-08-05,ably,27,17,1,124,18,0
2026-08-06,brandi,35,26,0,0,19,0
2026-08-06,zigzag,50,41,1,310,19,0
2026-08-06,ably,33,25,1,125,19,0
2026-08-07,brandi,33,24,0,0,19,0
2026-08-07,zigzag,48,34,1,311,19,0
2026-08-07,ably,31,22,1,126,19,0
2026-08-08,brandi,29,20,0,0,19,0
2026-08-08,zigzag,63,48,1,312,19,0
2026-08-08,ably,39,27,1,127,19,0
2026-08-09,brandi,50,34,0,0,20,0
2026-08-09,zigzag,70,51,1,313,20,0
2026-08-09,ably,43,32,1,128,20,0
2026-08-10,brandi,57,45,0,0,19,0
2026-08-10,zigzag,51,37,1,314,19,0
2026-08-10,ably,29,19,1,129,19,0
2026-08-11,brandi,46,29,0,0,19,0
2026-08-11,zigzag,53,37,1,315,19,0
2026-08-11,ably,29,22,1,130,19,0
2026-08-12,brandi,41,28,0,0,18,0
2026-08-12,zigzag,48,32,1,316,18,0
2026-08-12,ably,32,24,1,131,18,0
2026-08-13,brandi,36,24,0,0,18,0
2026-08-13,zigzag,43,35,1,317,18,0
2026-08-13,ably,27,22,1,132,18,0
2026-08-14,brandi,31,25,0,0,18,0
2026-08-14,zigzag,43,34,1,318,18,0
2026-08-14,ably,29,19,1,133,18,0
2026-08-15,brandi,29,21,0,0,18,0
2026-08-15,zigzag,56,43,1,319,18,0
2026-08-15,ably,35,26,1,134,18,0
2026-08-16,brandi,38,28,0,0,18,0
2026-08-16,zigzag,78,59,1,320,18,0
2026-08-16,ably,46,37,1,135,18,0
2026-08-17,brandi,52,36,0,0,18,0
2026-08-17,zigzag,45,36,1,321,18,0
2026-08-17,ably,28,19,1,136,18,0
2026-08-18,brandi,46,36,0,0,18,0
2026-08-18,zigzag,51,34,1,322,18,0
2026-08-18,ably,28,18,1,137,18,0
2026-08-19,brandi,41,33,0,0,19,0
2026-08-19,zigzag,39,32,1,323,19,0
2026-08-19,ably,29,18,1,138,19,0
2026-08-20,brandi,39,28,0,0,19,0
2026-08-20,zigzag,47,32,1,324,19,0
2026-08-20,ably,34,28,1,139,19,0
2026-08-21,brandi,30,23,0,0,20,0
2026-08-21,zigzag,47,34,1,325,20,0
2026-08-21,ably,28,18,1,140,20,0
2026-08-22,brandi,30,23,0,0,19,0
2026-08-22,zigzag,56,37,1,326,19,0
2026-08-22,ably,35,24,1,141,19,0
2026-08-23,brandi,41,33,0,0,19,0
2026-08-23,zigzag,76,58,1,327,19,0
2026-08-23,ably,42,32,1,142,19,0
2026-08-24,brandi,54,39,0,0,19,0
2026-08-24,zigzag,43,30,1,328,19,0
2026-08-24,ably,30,22,1,143,19,0
2026-08-25,brandi,42,32,0,0,18,0
2026-08-25,zigzag,52,35,1,329,18,0
2026-08-25,ably,35,24,1,144,18,0
2026-08-26,brandi,40,28,0,0,18,0
2026-08-26,zigzag,38,27,1,330,18,0
2026-08-26,ably,27,21,1,145,18,0
2026-08-27,brandi,40,27,0,0,18,0
2026-08-27,zigzag,50,37,1,331,18,0
2026-08-27,ably,30,22,1,146,18,0
2026-08-28,brandi,34,27,0,0,18,0
2026-08-28,zigzag,46,32,1,332,18,0
2026-08-28,ably,30,21,1,147,18,0
2026-08-29,brandi,31,23,0,0,18,0
2026-08-29,zigzag,62,40,1,333,18,0
2026-08-29,ably,35,23,1,148,18,0
2026-08-30,brandi,39,31,0,0,19,0
2026-08-30,zigzag,64,43,1,334,19,0
2026-08-30,ably,39,29,1,149,19,0
2026-08-31,brandi,54,34,0,0,18,0
2026-08-31,zigzag,43,33,1,335,18,0
2026-08-31,ably,28,21,1,150,18,0
2026-09-01,brandi,42,31,0,0,18,0
2026-09-01,zigzag,43,33,1,336,18,0
2026-09-01,ably,28,19,1,151,18,0
2026-09-02,brandi,42,30,0,0,18,0
2026-09-02,zigzag,44,34,1,337,18,0
2026-09-02,ably,23,16,1,152,18,0
2026-09-03,brandi,33,21,0,0,17,0
2026-09-03,zigzag,50,33,1,338,17,0
2026-09-03,ably,27,19,1,153,17,0
2026-09-04,brandi,25,19,0,0,15,0
2026-09-04,zigzag,47,37,1,339,15,0
2026-09-04,ably,26,17,1,154,15,0
2026-09-05,brandi,27,18,0,0,15,0
2026-09-05,zigzag,49,34,1,340,15,0
2026-09-05,ably,34,22,1,155,15,0
2026-09-06,brandi,32,26,0,0,15,0
2026-09-06,zigzag,65,44,1,341,15,0
2026-09-06,ably,39,30,1,156,15,0
2026-09-07,brandi,45,36,0,0,15,0
2026-09-07,zigzag,40,29,1,342,15,0
2026-09-07,ably,24,18,1,157,15,0
2026-09-08,brandi,43,27,0,0,15,0
2026-09-08,zigzag,39,29,1,343,15,0
2026-09-08,ably,23,15,1,158,15,0
2026-09-09,brandi,38,25,0,0,16,0
2026-09-09,zigzag,43,29,1,344,16,0
2026-09-09,ably,26,17,1,159,16,0
2026-09-10,brandi,35,26,0,0,17,0
2026-09-10,zigzag,43,32,1,345,17,0
2026-09-10,ably,29,23,1,160,17,0
2026-09-11,brandi,31,24,0,0,17,0
2026-09-11,zigzag,42,27,1,346,17,0
2026-09-11,ably,26,19,1,161,17,0
2026-09-12,brandi,35,26,0,0,18,0
2026-09-12,zigzag,49,38,1,347,18,0
2026-09-12,ably,36,26,1,162,18,0
2026-09-13,brandi,34,23,0,0,18,0
2026-09-13,zigzag,68,52,1,348,18,0
2026-09-13,ably,41,27,1,163,18,0
2026-09-14,brandi,44,30,0,0,19,0
2026-09-14,zigzag,49,32,1,349,19,0
2026-09-14,ably,28,22,1,164,19,0
2026-09-15,brandi,40,28,0,0,19,0
2026-09-15,zigzag,55,44,1,350,19,0
2026-09-15,ably,36,27,1,165,19,0
2026-09-16,brandi,50,34,0,0,20,0
2026-09-16,zigzag,52,36,1,351,20,0
2026-09-16,ably,31,24,1,166,20,0
2026-09-17,brandi,45,29,0,0,20,0
2026-09-17,zigzag,61,50,1,352,20,0
2026-09-17,ably,36,25,1,167,20,0
2026-09-18,brandi,33,21,0,0,18,0
2026-09-18,zigzag,51,36,1,353,18,0
2026-09-18,ably,32,21,1,168,18,0
2026-09-19,brandi,29,20,0,0,18,0
2026-09-19,zigzag,66,44,1,354,18,0
2026-09-19,ably,47,32,1,169,18,0
2026-09-20,brandi,46,31,0,0,19,0
2026-09-20,zigzag,87,67,1,355,19,0
2026-09-20,ably,49,33,1,170,19,0
2026-09-21,brandi,58,45,0,0,19,0
2026-09-21,zigzag,54,34,1,356,19,0
2026-09-21,ably,30,23,1,171,19,0
2026-09-22,brandi,47,36,0,0,18,0
2026-09-22,zigzag,61,40,1,357,18,0
2026-09-22,ably,38,29,1,172,18,0
2026-09-23,brandi,43,32,0,0,18,0
2026-09-23,zigzag,57,38,1,358,18,0
2026-09-23,ably,33,26,1,173,18,0
2026-09-24,brandi,44,35,0,0,18,0
2026-09-24,zigzag,58,42,1,359,18,0
2026-09-24,ably,38,29,1,174,18,0
2026-09-25,brandi,39,30,0,0,18,0
2026-09-25,zigzag,61,51,1,360,18,0
2026-09-25,ably,35,26,1,175,18,0
2026-09-26,brandi,39,29,0,0,18,0
2026-09-26,zigzag,65,54,1,361,18,0
2026-09-26,ably,51,35,1,176,18,0
2026-09-27,brandi,49,34,0,0,18,0
2026-09-27,zigzag,89,72,1,362,18,0
2026-09-27,ably,46,35,1,177,18,0
2026-09-28,brandi,58,37,0,0,18,0
2026-09-28,zigzag,62,43,1,363,18,0
2026-09-28,ably,36,26,1,178,18,0
2026-09-29,brandi,47,34,0,0,18,0
2026-09-29,zigzag,65,51,1,364,18,0
2026-09-29,ably,35,23,1,179,18,0
2026-09-30,brandi,57,36,0,0,19,0
2026-09-30,zigzag,57,36,1,365,19,0
2026-09-30,ably,36,28,1,180,19,0
2026-10-01,brandi,49,37,0,0,18,0
2026-10-01,zigzag,55,44,1,366,18,0
2026-10-01,ably,34,26,1,181,18,0
2026-10-02,brandi,39,29,0,0,18,0
2026-10-02,zigzag,60,41,1,367,18,0
2026-10-02,ably,31,24,1,182,18,0
2026-10-03,brandi,33,21,0,0,18,0
2026-10-03,zigzag,76,61,1,368,18,0
2026-10-03,ably,42,35,1,183,18,0
2026-10-04,brandi,46,30,0,0,18,0
2026-10-04,zigzag,73,49,1,369,18,0
2026-10-04,ably,50,37,1,184,18,0
2026-10-05,brandi,63,44,0,0,18,0
2026-10-05,zigzag,61,47,1,370,18,0
2026-10-05,ably,33,26,1,185,18,0
2026-10-06,brandi,64,46,0,0,19,0
2026-10-06,zigzag,57,42,1,371,19,0
2026-10-06,ably,35,24,1,186,19,0
2026-10-07,brandi,58,45,0,0,19,0
2026-10-07,zigzag,59,40,1,372,19,0
2026-10-07,ably,34,23,1,187,19,0
2026-10-08,brandi,45,36,0,0,19,0
2026-10-08,zigzag,67,55,1,373,19,0
2026-10-08,ably,42,31,1,188,19,0
2026-10-09,brandi,38,25,0,0,19,0
2026-10-09,zigzag,57,39,1,374,19,0
2026-10-09,ably,36,24,1,189,19,0
2026-10-10,brandi,35,26,0,0,19,0
2026-10-10,zigzag,72,56,1,375,19,0
2026-10-10,ably,45,32,1,190,19,0
2026-10-11,brandi,53,41,0,0,19,0
2026-10-11,zigzag,95,64,1,376,19,0
2026-10-11,ably,52,41,1,191,19,0
2026-10-12,brandi,63,48,0,0,19,0
2026-10-12,zigzag,61,43,1,377,19,0
2026-10-12,ably,34,24,1,192,19,0
2026-10-13,brandi,58,40,0,0,20,0
2026-10-13,zigzag,60,44,1,378,20,0
2026-10-13,ably,34,22,1,193,20,0
2026-10-14,brandi,47,31,0,0,20,0
2026-10-14,zigzag,64,41,1,379,20,0
2026-10-14,ably,35,24,1,194,20,0
2026-10-15,brandi,51,35,0,0,19,0
2026-10-15,zigzag,57,39,1,380,19,0
2026-10-15,ably,37,27,1,195,19,0
2026-10-16,brandi,48,36,0,0,19,0
2026-10-16,zigzag,51,35,1,381,19,0
2026-10-16,ably,30,25,1,196,19,0
2026-10-17,brandi,40,33,0,0,18,0
2026-10-17,zigzag,64,42,1,382,18,0
2026-10-17,ably,42,34,1,197,18,0
2026-10-18,brandi,44,31,0,0,18,0
2026-10-18,zigzag,84,58,1,383,18,0
2026-10-18,ably,47,37,1,198,18,0
2026-10-19,brandi,60,39,0,0,19,0
2026-10-19,zigzag,57,45,1,384,19,0
2026-10-19,ably,31,20,1,199,19,0
2026-10-20,brandi,51,34,0,0,19,0
2026-10-20,zigzag,56,43,1,385,19,0
2026-10-20,ably,32,25,1,200,19,0
2026-10-21,brandi,47,35,0,0,19,0
2026-10-21,zigzag,56,41,1,386,19,0
2026-10-21,ably,33,25,1,201,19,0
